ot "Name","Website","phone","Address","City","postal_code","State","Rating","Reviews Count","verified","place_id","Send table data"
"Hvac Technologies","http://berkshireheatingandcooling.com/index.html","+1 413-344-4502","Cheshire, MA 01225","Cheshire",1225,"Massachusetts",5,3,0,"ChIJTdlJabdO54kRsgsb8MznR2k","✅ Sent"
"413 Ductless Solutions","http://413ductless.com/","+1 413-707-1701","363 Post office bx, West Stockbridge, MA 01266","West Stockbridge",1266,"Massachusetts",5,15,1,"ChIJa-wdSTDuCUoRC7ql7yfLcY8","✅ Sent"
"LePrevost Plumbing Heating & Cooling","https://leprevostplumbingandheating.com/","+1 413-243-1777","18 Run Way, Lee, MA 01238","Lee",1238,"Massachusetts",4.7,294,1,"ChIJMUf0ZEJD54kRagswTN3B5ds","✅ Sent"
"Pioneer Heating & Cooling Inc","https://pioneerhvac.com/","+1 413-586-7925","52 Maple St, Florence, MA 01062","Florence",1062,"Massachusetts",4.3,36,1,"ChIJNcKfEaTX5okRGnww0Wao5YM","✅ Sent"
"Hampden County HVAC Inc. | Mass Save Certified Installer","https://hampdenhvac.com/","+1 413-219-1119","387 Main St, Indian Orchard, MA 01105","Indian Orchard",1105,"Massachusetts",4.9,67,1,"ChIJgZiEiutHZo4RXsmHGY2BAyQ","✅ Sent"
"JV Mechanical Contractors, Inc.","http://jvmech.com/","+1 508-943-3222","45 Davis St, Webster, MA 01570","Webster",1570,"Massachusetts",4.9,249,1,"ChIJqXCp6V8f5IkR0qLL3CzIGV8","✅ Sent"
"Berkshire Home Services","","+1 413-623-4483","77 Sitting Bull Rd, Becket, MA 01223","Becket",1223,"Massachusetts",0,0,1,"ChIJoQQZ9A0_54kRMlAl6h2yXlA","✅ Sent"
"Dormann's Heating & Cooling, LLC","https://dormannsheatingandcooling.com/%3Futm_source%3Dgoogle-business-listing%26utm_medium%3Dorganic%26utm_campaign%3Dwebsite-button","+1 856-467-8500","265 N Wolfert Station Rd, Mickleton, NJ 08056","Mickleton",8056,"New Jersey",4.9,430,1,"ChIJ5TAF62rcxokR5tNiEocjjnU","✅ Sent"
"Manzella Home Services LLC","http://manzellahomeservices.com/","+1 856-832-3432","110 W Tomlin Station Rd, Mickleton, NJ 08056","Mickleton",8056,"New Jersey",5,95,1,"ChIJrQxTQjnO8mgRnsIp0S5GARA","✅ Sent"
"General & Mechanical Contractors","","+1 856-423-5859","408 Southgate Ct, Mickleton, NJ 08056","Mickleton",8056,"New Jersey",4.4,9,0,"ChIJN_OC7H7cxokRQAcX4btfobk","✅ Sent"
"Maxie Heating & Cooling, LLC","https://www.maxieheating.com/","+1 856-423-1400","175 W Cohawkin Rd, Clarksboro, NJ 08020","Clarksboro",8020,"New Jersey",4.8,97,1,"ChIJ37aiHXDbxokR6wvqta-bqZY","✅ Sent"
"AP Heating & Cooling, LLC","","+1 856-552-2242","","",0,"",3.9,19,1,"ChIJnYE-1hfbxokR16eOf8r2fG8","✅ Sent"
"Horton Heating and Cooling, LLC","https://hortonhvac.com/%3Futm_source%3Dgoogle%2Bbusiness%2Blisting%26utm_medium%3Dorganic%26utm_campaign%3Dclick%2Bto%2Bwebsite","+1 856-224-0456","265 Beacon Ave, Paulsboro, NJ 08066","Paulsboro",8066,"New Jersey",4.8,84,1,"ChIJe4dN5UrbxokRjQ3sAsj3WS0","✅ Sent"
"United Rentals - Power & HVAC","https://www.unitedrentals.com/locations/nj/mickleton/power-hvac-rentals/g58%3Futm_source%3Dgoogle%26utm_medium%3Ddistrib%26utm_campaign%3Dyext","+1 856-423-7820","214 Harmony Rd, Mickleton, NJ 08056","Mickleton",8056,"New Jersey",4.8,20,1,"ChIJa3Ix8YbcxokRff3m3-hRf7E","✅ Sent"
"J&J Mechanical Inc.","https://jjmechanicalinc.com/","+1 856-832-4576","200 Grove Rd, Paulsboro, NJ 08066","Paulsboro",8066,"New Jersey",5,731,1,"ChIJT8JHg37cxokRckFi7-H4qO8","✅ Sent"
"JnJ HVAC","https://jnjhvac.square.site/","+1 856-214-1239","","",0,"",5,20,1,"ChIJB51meDYoMUQRPxvSHkvNrf4","✅ Sent"
"All Jersey Mechanical","","+1 856-343-2960","","",0,"",4,4,1,"ChIJicCNXg_bxokRwvEaVxEm_JU","✅ Sent"
"D’Auria & Son Heating and Air","https://dauriahvac.com/","+1 856-257-1092","26 Evergreen Ave, Blackwood, NJ 08012","Blackwood",8012,"New Jersey",5,371,1,"ChIJNWQaEDXTxokRkTa8gCYzAEE","✅ Sent"
"Instant Services","https://instantservices.com/%3Futm_source%3Dgoogle%26utm_medium%3Dorganic%26utm_campaign%3DGMBListing-Blackwood-NJ","+1 856-618-6781","177 S Black Horse Pike, Blackwood, NJ 08012","Blackwood",8012,"New Jersey",4.9,89,1,"ChIJqft8Mapc20ERhSD4GTckjxw","✅ Sent"
"Dormann's Custom Plumbing Inc","https://dormannsplumbing.com/","+1 856-423-8294","290 N Wolfert Station Rd, Mickleton, NJ 08056","Mickleton",8056,"New Jersey",4.9,73,1,"ChIJoX-ON-rdxokRngfV6NJT9QQ","✅ Sent"
"JAMCO Heating & Air Conditioning, INC","http://jamcoheatingandair.com/%3Futm_source%3Dgoogle%26utm_medium%3Dorganic%26utm_campaign%3DGMBListing-Deptford-NJ","+1 856-597-3655","1000 Delsea Dr bldg i-1, Deptford, NJ 08093","Deptford",8093,"New Jersey",4.8,211,1,"ChIJBTFnGIPJxokR_IB7w0ppmMg","✅ Sent"
"Instant Air LLC","https://instant-air.com/","+1 856-401-7737","1423 Jarvis Rd, Sicklerville, NJ 08081","Sicklerville",8081,"New Jersey",4.6,27,1,"ChIJ4zby2h_TxokRF8OOQt4U7p0","✅ Sent"
"Heating And Air Conditioning","","+1 856-280-0470","222 Bridgeton Pike, Mantua Township, NJ 08051","Mantua Township",8051,"New Jersey",4.6,7,0,"ChIJ-SW0KSa5w4kRcpcC963SGU4","✅ Sent"
"A&S Cooling","http://www.ascoolinginc.com/","+1 856-312-8499","19 N Black Horse Pike, Runnemede, NJ 08078","Runnemede",8078,"New Jersey",4.7,28,1,"ChIJpVAAKvHPxokRBfZcC26gWW8","✅ Sent"
"OES Mechanical LLC","","+1 609-970-3608","313 S Black Horse Pike, Blackwood, NJ 08012","Blackwood",8012,"New Jersey",5,18,1,"ChIJ-QJVt7TRxokRwLKCNlCHqj0","✅ Sent"
"Campbell Comfort Systems","https://www.campbellcomfortsystems.com/%3Futm_source%3Dgoogle%26utm_medium%3Dgbp%26utm_campaign%3DHUT0101-WEB009-GBP%26utm_crid%3DHUT0101_WEB009_205620843","+1 856-214-8018","1049 Kings Hwy, West Deptford, NJ 08086","West Deptford",8086,"New Jersey",4.8,812,1,"ChIJK4oRCePaxokRpHzapLIMOLE","✅ Sent"
"Bo's Professional HVAC, LLC","http://www.bosprofessionalhvac.com/","+1 856-723-6953","","",0,"",5,2,1,"ChIJCSI0yGzOxokRNTz0E-4vYck","✅ Sent"
"Marsden Mechanical HVAC Services","http://www.marsdenmechanical.com/","+1 856-412-4555","1010 Rose Ave Suite B-1, Runnemede, NJ 08078","Runnemede",8078,"New Jersey",5,24,1,"ChIJoaQ9mGjPxokRx-LyPGOaN3g","✅ Sent"
"HEATRIGHT Heating and Air Conditioning","http://heatright.net/","+1 856-599-0445","","",0,"",4.6,20,1,"ChIJ87_8JxPdxokRm__jfsnL8dU","✅ Sent"
"Viking air llc","http://www.vikingairllc.com/","+1 856-266-2949","88 Coles Rd, Blackwood, NJ 08012","Blackwood",8012,"New Jersey",5,5,1,"ChIJ59U_-T7TxokR14oS9jSWyr0","✅ Sent"
"Air Dynamics HVAC Of South Jersey","https://www.airdynamicshvacllc.com/","+1 856-503-8127","29 Blue Jay Dr, Clementon, NJ 08021","Clementon",8021,"New Jersey",5,87,1,"ChIJNcH-P-_TxokRGhGweT6JuyI","✅ Sent"
"NJP Mechanical Heating and Air Conditioning","https://njpmechanical.com/","+1 856-345-9711","2410 Good Intent Rd, Deptford, NJ 08096","Deptford",8096,"New Jersey",5,21,1,"ChIJi9olyWbRxokRwJDfqUXPGv4","✅ Sent"
"Air and Heat Specialists of NJ, Inc.","https://www.airandheatspecialistpro.com/","+1 908-477-4131","","",0,"",4.9,33,1,"ChIJxSlqptqEwYkRJyL2K3beJYA","✅ Sent"
"AP Heating & Cooling","","+1 609-531-1722","","",0,"",0,0,1,"ChIJbTMBvYfO9a0RKktnlRwr0Ec","✅ Sent"
"Joseph Hart Inc","https://justplainbusiness.com/joseph-hart-hvac-and-plumbing/","+1 856-769-2456","1140 US-40, Pilesgrove, NJ 08098","Pilesgrove",8098,"New Jersey",5,163,1,"ChIJu9Gh8rYhx4kRzgvVMtEKADQ","✅ Sent"
"Farley Air Conditioning & Heating Repair","https://farleyacmiramar.com/","+1 856-450-6117","425 S Broadway suite 632, Gloucester City, NJ 08030","Gloucester City",8030,"New Jersey",5,26,1,"ChIJ8ShUhnnPxokRasCo5o7vk44","✅ Sent"
"United Rentals - Climate Solutions","https://www.unitedrentals.com/locations/nj/clarksboro/climate-solutions/54m%3Futm_source%3Dgoogle%26utm_medium%3Ddistrib%26utm_campaign%3Dyext","+1 856-241-3717","186 Timberlane Rd Ste B3, Clarksboro, NJ 08020","Clarksboro",8020,"New Jersey",4.8,31,1,"ChIJsTOIocHdxokRZAfu3vZG7nw","✅ Sent"
"ACO Masonry, Heating & A.C.","http://acomasonryheatac.com/","+1 413-374-7779","50 Buckingham Dr, Southwick, MA 01077","Southwick",1077,"Massachusetts",5,6,1,"ChIJ5yTalGEd54kRTYEtfdMLe8E","✅ Sent"
"Bailey Mechanical Services, Inc","","","16 Jeffrey Cir, Southwick, MA 01077","Southwick",1077,"Massachusetts",5,2,1,"ChIJ__-LF0Qb54kRCFuwkLpZOkw","✅ Sent"
"Countywide Heating and Cooling","http://www.cmsheatandair.net/","+1 413-731-6668","54 Mainline Dr Unit F, Westfield, MA 01085","Westfield",1085,"Massachusetts",4.9,156,1,"ChIJ1TzpWgUf54kRE1eB6sCZP4s","✅ Sent"
"State Plumbing and Heating","http://www.stateph.com/","+1 413-949-5705","5 Pauline Cir, Southwick, MA 01077","Southwick",1077,"Massachusetts",4.9,32,1,"ChIJdflA4Vsd54kR-HzNxId0uQA","✅ Sent"
"Wirt, MN 56688","","","Wirt, MN","Wirt",0,"Minnesota",0,0,0,"ChIJG2pmNoo7ulIRcrnSi5hWRgg","✅ Sent"
"New Haven Heating & Cooling Services","","","688 Ella T Grasso Blvd, New Haven, CT 06519","New Haven",6519,"Connecticut",5,3,1,"ChIJRQbCuEpz6IkRn1_AZ5fsIFc","✅ Sent"
"Mechanical Heating and Air Conditioning, Inc.","http://www.mechanicalheatingac.com/","+1 203-780-8959","300 Whalley Ave Suite 201, New Haven, CT 06511","New Haven",6511,"Connecticut",3.5,21,1,"ChIJjTPxsLHZ54kR43fKtXf5Oqc","✅ Sent"
"Heating & Air Conditioning New Haven","","+1 475-326-3820","426 Whalley Ave, New Haven, CT 06511","New Haven",6511,"Connecticut",4.9,40,1,"ChIJ6cGAwry354kRE6l9BEv9zBs","✅ Sent"
"Hitech Central Air Connecticut","http://hitechcentralairconnecticut.com/","+1 860-775-5777","","",0,"",5,7,1,"ChIJfaT8JSPK1EYRQu9NFsHJENI","✅ Sent"
"Heating & Cooling","","+1 475-324-6957","17 Dixwell Ave, New Haven, CT 06511","New Haven",6511,"Connecticut",4.9,7,1,"ChIJy_4h-Sja54kR7g2MHrS7yQM","✅ Sent"
"Aire Serv of New Haven","https://aireserv.com/new-haven%3Fcid%3DLSTL_ASV-US000187%26utm_source%3Dgmb%26utm_campaign%3Dlocal%26utm_medium%3Dorganic","+1 203-297-9871","","",0,"",4.9,108,1,"ChIJZ1HdXELJ54kRQTuFbSR2okI","✅ Sent"
"Home Heating & Air Conditioning, LLC","http://www.homehvac.net/","+1 203-932-5484","8 Coyle Dr, West Haven, CT 06516","West Haven",6516,"Connecticut",5,33,1,"ChIJ_bowX2V36IkRwv3lQoy5dgY","✅ Sent"
"Quality Mechanical Corporation","http://www.qualitymechanicalcorp.com/","+1 203-467-6712","231 Silver Sands Rd, East Haven, CT 06512","East Haven",6512,"Connecticut",4.1,19,1,"ChIJ2SGfTXV46IkRhSI6lOryVok","✅ Sent"
"CTS Heating & Cooling","https://ctsheatingandcooling.com/","+1 203-389-6099","207 Burwell Rd, West Haven, CT 06516","West Haven",6516,"Connecticut",5,78,1,"ChIJ_0NhBMHY54kRuZD6Y1IsOAM","✅ Sent"
"Nero Air Conditioning & Heating Inc.","https://neroac.com/","+1 203-248-8110","334 State St, North Haven, CT 06473","North Haven",6473,"Connecticut",4.7,253,1,"ChIJoUEJCL3a54kR_X8f_g-MF0E","✅ Sent"
"HVAC 24 HOURS","","+1 862-600-1415","477 Main St, Paterson, NJ 07501","Paterson",7501,"New Jersey",4.5,8,1,"ChIJyU90iZr9wokRBL7rZtg9AOg","✅ Sent"
"Heart HVAC","https://heart-hvacnj.com/","+1 862-351-4365","178 E 33rd St, Paterson, NJ 07504","Paterson",7504,"New Jersey",5,13,1,"ChIJ-0aMDzP9wokR4WWxJIjvxk0","✅ Sent"
"Celestial Air HVAC LLC","https://celestialairhvac.com/","+1 973-434-5853","296 22nd Ave, Paterson, NJ 07513","Paterson",7513,"New Jersey",4.3,106,1,"ChIJjcF8EBn8wokRbSbvovx4prA","✅ Sent"
"Y&A HVAC Group Inc.","https://www.yahvacgroup.com/","+1 973-886-7625","Paterson, NJ 07503","Paterson",7503,"New Jersey",5,10,1,"ChIJyWM51iz2Oa4R1Bu3znJTK80","✅ Sent"
"Fuse HVAC & Appliance Repair New Jersey","http://fusenj.com/","+1 848-274-3722","554 Market St, Paterson, NJ 07513","Paterson",7513,"New Jersey",5,14,1,"ChIJcw4MdYf9wokRIE5JvzR-cuk","✅ Sent"
"Advanced Professional Home Services","https://advancedprophc.com/","+1 973-894-3005","19-23 Ryle Ave, Paterson, NJ 07522","Paterson",7522,"New Jersey",4.6,126,1,"ChIJRb12TQ4Dw4kRpva_lwfwZrE","✅ Sent"
"Zaina Service Tech","https://www.zainaservicetech.com/","+1 201-206-0105","244 Trenton Ave, Paterson, NJ 07503","Paterson",7503,"New Jersey",5,170,1,"ChIJocVAGN_9wokRXnKUfmvsBp8","✅ Sent"
"Garcia Brothers Heating & Air Conditioning","","+1 862-430-3700","24 Smith St, Paterson, NJ 07501","Paterson",7501,"New Jersey",4.8,49,1,"ChIJv4fQyST9wokRqk1qX-Av_y8","✅ Sent"
"Paterson AC Repair Group","https://www.patersonacrepair.com/","+1 973-240-5170","41 Bleeker St, Paterson, NJ 07501","Paterson",7501,"New Jersey",5,7,1,"ChIJSeXZr9r9wokRobwJH_02dW8","✅ Sent"
"ALL WEEK HEATING","https://allweekheating.com/heating-paterson-nj-service.html","+1 973-321-7161","319 Sussex St, Paterson, NJ 07503","Paterson",7503,"New Jersey",4.8,31,1,"ChIJ_Xcbs5__wokRbcGUrXqfPI4","✅ Sent"
"Paterson Heating & Air Conditioning","","+1 973-221-6792","114 Fair St, Paterson, NJ 07501","Paterson",7501,"New Jersey",5,10,0,"ChIJU54m3ev8wokRaanmm6ZydXQ","✅ Sent"
"Eco Plumbing Heating & Air Conditioning","https://www.ecoplumbinghvac.com/service-area/paterson-nj-plumbing-heating-and-air-conditioning/","+1 973-755-2065","","",0,"",4.7,34,1,"ChIJ25-Ov8P9wokRBDk7HEWeu-U","✅ Sent"
"Heating And Air Conditioning","","+1 862-391-6663","296 22nd Ave, Paterson, NJ 07513","Paterson",7513,"New Jersey",4.2,5,1,"ChIJVVWFHhn8wokRUbAfDA_xIUw","✅ Sent"
"T HVAC Inc.","https://www.njthvac.com/","+1 973-563-3396","146 Alabama Ave, Paterson, NJ 07503","Paterson",7503,"New Jersey",3.9,7,1,"ChIJE6sVaf_9wokR0BJbJooNytY","✅ Sent"
"Pro Master Hvac","","+1 973-653-6952","117 Genessee Ave, Paterson, NJ 07503","Paterson",7503,"New Jersey",3,2,1,"ChIJcXZfu9H_wokReBB0QRdM-zA","✅ Sent"
"Z - ATT Attic Insulation & Roofing Services Co, NJ 07513","","+1 862-398-3186","81 19th Ave, Paterson, NJ 07513","Paterson",7513,"New Jersey",5,3,1,"ChIJTZO-Yzz8wokR7oy9Dz5kPY4","✅ Sent"
"Dynamic Air Tec Corp.","https://dynamicairtec.com/","+1 973-333-3466","271 River St, Paterson, NJ 07524","Paterson",7524,"New Jersey",5,24,1,"ChIJ48jhK-79wokRJWjs8qM7gcM","✅ Sent"
"Indoor Expert Heating & Cooling","https://indoorexpertsnj.com/","+1 917-349-4526","285 River St, Paterson, NJ 07524","Paterson",7524,"New Jersey",4.6,146,1,"ChIJk6uLt2Vhm68Rj86jb-r7Uh4","✅ Sent"
"Aeropro Heating and Cooling","https://www.aeroprohvacr.com/","+1 973-604-5038","27 E 33rd St, Paterson, NJ 07514","Paterson",7514,"New Jersey",5,7,1,"ChIJm7b74gF6K6cR5bZOKl6w4mc","✅ Sent"
"Paterson Air Conditioning Repair Inc","","+1 201-510-5449","61 Lexington Ave, Paterson, NJ 07502","Paterson",7502,"New Jersey",5,1,0,"ChIJ8ewIPkX9wokRPzJAx9wBJ90","✅ Sent"
"THE REFRIGERATION WORLD","","","6th St, North Bergen, NJ 07047","North Bergen",7047,"New Jersey",4.7,3,0,"ChIJo0KTVnFXwokRwwy8NLX4gsU","✅ Sent"
"Town Plumbing Heating and Air Conditioning","http://townplumbingdrain.com/","+1 201-907-7729","2200 Grand Ave, North Bergen, NJ 07047","North Bergen",7047,"New Jersey",4.5,16,1,"ChIJaVraxYRXwokRO9mFRDoOtKI","✅ Sent"
"Universal HVAC Services, LLC","","+1 917-547-2721","12 Holmes Ave, Jersey City, NJ 07306","Jersey City",7306,"New Jersey",5,80,1,"ChIJ0UqrFAtXwokRTA8mlPl4kaI","✅ Sent"
"B&G Electrical Solutions","","+1 201-442-1646","7505 Park Ave, North Bergen, NJ 07047","North Bergen",7047,"New Jersey",5,5,1,"ChIJDzLsD5VZwokRNiLz5fa2Ep0","✅ Sent"
"Tanous HVAC","https://tanousnj.com/%3Fpage_id%3D611","+1 201-245-5151","1122 Washington St, Hoboken, NJ 07030","Hoboken",7030,"New Jersey",5,8,0,"ChIJLUFMLdhZwokR-RB7xhsfVsI","✅ Sent"
"Jimmy's Arctic Heating & Air Conditioning Repair","https://www.jimmysarcticair.com/","+1 201-408-7730","1016 Bloomfield St, Hoboken, NJ 07030","Hoboken",7030,"New Jersey",4.7,60,1,"ChIJNWniUdhZwokRYnyf9jy0g-E","✅ Sent"
"Tanous HVAC","https://www.tanousnj.com/","+1 201-245-5151","89 Hudson St, Hoboken, NJ 07030","Hoboken",7030,"New Jersey",4.2,5,1,"ChIJ1VYiAeJZwokRlWdQcRg2Pdw","✅ Sent"
"Classic Emergency AC Repair Union City","","+1 201-201-4488","406 19th St, Union City, NJ 07087","Union City",7087,"New Jersey",5,2,1,"ChIJq1teuoFXwokRKe7r0sLIMEA","✅ Sent"
"HVAC Services: Heating & Air Conditioning","","+1 551-375-3799","105 5th St, Hoboken, NJ 07030","Hoboken",7030,"New Jersey",5,5,1,"ChIJiSuxV-b-wokRbfrTSFyoeMA","✅ Sent"
"RentAnAC NYC","https://www.rentanac.com/%3Futm_source%3DGMB%26utm_medium%3DNYC%26utm_campaign%3DGMB%2BNYC%26utm_id%3DGMB%2BNYC","+1 888-762-6651","7001 Anpesil Dr Unit D-7, North Bergen, NJ 07047","North Bergen",7047,"New Jersey",5,67,1,"ChIJf5IAfG_3wokRqK18Dyv-vwg","✅ Sent"
"Figlia & Sons Inc","https://figliasons.com/","+1 212-686-0094","746 E 9th St, New York, NY 10009","New York",10009,"New York",4.3,375,1,"ChIJ6QO5CXpZwokRR63SfMvQzDU","✅ Sent"
"BOOST HVAC Service","https://boosthvacservice.com/","+1 551-288-6494","","",0,"",5,1,1,"ChIJnQiC-ngJHaoRDx_1BYP475o","✅ Sent"
"J R Refrigeration Service & Parts LLC.","","+1 201-348-0114","420 21st St, Union City, NJ 07087","Union City",7087,"New Jersey",4.8,137,1,"ChIJ7eCsHoFXwokRKDCo5jU_Rnc","✅ Sent"
"Drain Flo Plumbing Heating Air Conditioning","http://drainflo-plumbing.com/","+1 201-977-2802","","",0,"",5,4,1,"ChIJEehkPzpVwokRN4zLBCmPOnU","✅ Sent"
"BnH HVAC","","+1 508-861-8250","25 Seminole Ave, Framingham, MA 01702","Framingham",1702,"Massachusetts",4.7,12,1,"ChIJK7dZ8bOJ44kRCeYtjdAMu1s","✅ Sent"
"Obie Comfort Solutions","https://www.obiecomfortsolutions.com/","+1 508-233-3811","82 Herbert St, Framingham, MA 01702","Framingham",1702,"Massachusetts",4.8,1301,1,"ChIJlyFFpDyI44kRIAz5SL8GufY","✅ Sent"
"PureComfort Heating & Air Conditioning","","+1 508-501-0006","937b Worcester Rd, Framingham, MA 01701","Framingham",1701,"Massachusetts",4.8,85,1,"ChIJO66GMF2J44kRqakt3qQRxyg","✅ Sent"
"Pro Comfort Control AC & Heating Installation","https://procomfortcontrol.com/furnace-repair/%3Futm_campaign%3Dgmb","+1 508-715-3900","35 Hastings St, Framingham, MA 01701","Framingham",1701,"Massachusetts",5,331,1,"ChIJ_zRV-GqJ44kRR3FpZaqpiTA","✅ Sent"
"M & R HVAC","","","10 Union Ave, Framingham, MA 01702","Framingham",1702,"Massachusetts",5,1,0,"ChIJVVWl7yGC44kRVUo5M7hJ6X0","✅ Sent"
"JW Heating & A/C Inc.","http://www.jwheatingandac.com/","+1 781-572-6655","118 Union Ave #8, Framingham, MA 01702","Framingham",1702,"Massachusetts",4.5,65,1,"ChIJrQ0NDkiI44kRLu2S9xxwsjg","✅ Sent"
"Ideal Air HVAC","https://idealairhvac.com/%3Futm_source%3Dgoogle%26utm_medium%3Dorganic%26utm_campaign%3Dgoogle_business_profile%26utm_content%3Dprofile_link","","2 Cedar St, Framingham, MA 01702","Framingham",1702,"Massachusetts",4.6,368,1,"ChIJSWBP0zGI44kRWcEydy-CKcY","✅ Sent"
"KCR, Inc. - Karpouzis Commercial Refrigeration","https://www.callkcr.com/","+1 508-872-2500","875 Waverly St, Framingham, MA 01702","Framingham",1702,"Massachusetts",4.8,52,1,"ChIJB0m5rDt25IkR3WuVZ8YTmHU","✅ Sent"
"Heating and Air Conditioning","http://thebonazzolicorp.com/","+1 508-875-3182","885 Waverly St, Framingham, MA 01702","Framingham",1702,"Massachusetts",5,8,1,"ChIJVUal7c2J44kRAp5Y4N2X4p4","✅ Sent"
"Landry Mechanical Inc Plumbing HVAC & Electric","https://www.landrymechanical.com/%3Futm_source%3Dgoogle%26utm_medium%3Dgbp-framingham%26se_campaign%3DOrganic%2520-%2520GBP%2520Framingham%2520%2528FM%2529","+1 617-826-5648","763 Waverly St unit 32, Framingham, MA 01702","Framingham",1702,"Massachusetts",4.8,523,1,"ChIJ5zKfMxiJ44kRANTNWHD0JtA","✅ Sent"
"Rapid Response Plumbing & Heating","http://www.rapidresponse.biz/","+1 888-549-0222","20 Blackberry Ln, Framingham, MA 01701","Framingham",1701,"Massachusetts",4.4,11,0,"ChIJFYNJE22J44kRYF0pEHgeDok","✅ Sent"
"Shahood Plumbing & Heating","https://www.shahoodplumbing.com/","+1 508-875-3413","1091 Waverly St, Framingham, MA 01702","Framingham",1702,"Massachusetts",4.7,185,1,"ChIJiSUzMNqJ44kRwao1w1u5yv8","✅ Sent"
"Ideal Air HVAC","http://www.idealairhvac.com/","+1 508-975-3825","","",0,"",0,0,1,"ChIJk7hk5PDtX6MRs5TNSFSepMI","✅ Sent"
"HVAC Inc","","","181 Linden St, Wellesley, MA 02482","Wellesley",2482,"Massachusetts",3.5,4,0,"ChIJQ4lZmZOI44kRL8j94ZMP3wY","✅ Sent"
"rapid response plumbing and heating","http://www.rapidresponse.biz/","+1 508-879-0025","2 Vernon St, Framingham, MA 01701","Framingham",1701,"Massachusetts",1,1,0,"ChIJryKo9amJ44kR_j1Fyk9VLIE","✅ Sent"
"Nicholson Plumbing, Electrical, Heating, and Air Conditioning","https://nicholson-hvac.com/%3Futm_source%3Dgoogle%26utm_medium%3Dgbp%26utm_campaign%3DNIC0100-WEB009-GBP%26utm_crid%3DNIC0100_WEB009_24611842","+1 774-310-4113","71 Whitney St, Holliston, MA 01746","Holliston",1746,"Massachusetts",4.8,2823,1,"ChIJASSyRMx35IkRfjznAW-BF7Q","✅ Sent"
"The Bonazzoli Corp","","+1 508-875-3182","","",0,"",0,0,1,"ChIJCd8GcdPsxkkRklvQNWaFTlg","✅ Sent"
"Champions Air Duct Cleaning & Dryer Vent CLeaning Service Unionville, CT","https://championsairductcleaning.com/","+1 860-900-0116","1799 Farmington Ave #118, Unionville, CT 06085","Unionville",6085,"Connecticut",4.9,66,1,"ChIJ86qwH-yv54kRw-Mh4983T-M","✅ Sent"
"Farmington Valley Home Services","https://www.farmingtonvalleyhvac.com/","+1 860-480-2545","137 Sharon Turnpike, Goshen, CT 06756","Goshen",6756,"Connecticut",5,34,1,"ChIJzat1u-aa54kRJH9yWmqK3vY","✅ Sent"
"Advanced Mechanical Services LLC","http://www.advancedmechanicalct.com/","+1 860-404-5865","2 Right Ln, Farmington, CT 06032","Farmington",6032,"Connecticut",3.8,19,1,"ChIJBfMpu0Gw54kR-SBKXYW8JXA","✅ Sent"
"Call The Bee","https://www.calltheb.com/%3Futm_source%3Dgoogle-gbp%26utm_medium%3Dorganic%26utm_campaign%3D*287*call-the-bee-farmington","+1 860-272-6402","7 Eastview Dr, Farmington, CT 06032","Farmington",6032,"Connecticut",4.8,2698,1,"ChIJyamSz2Sl54kRiEAJesDGvmI","✅ Sent"
"Modern Mechanical Systems Inc.","http://www.modernmech.com/","+1 860-677-2222","519 Cooke St, Farmington, CT 06032","Farmington",6032,"Connecticut",5,3,0,"ChIJFSBFSbGx54kR__q92vYGt8g","✅ Sent"
"Bridgeworks Heating & Cooling LLC","http://bridgeworks-llc.com/","+1 860-747-1888","291 Farmington Ave, Plainville, CT 06062","Plainville",6062,"Connecticut",4.9,235,1,"ChIJW4o7W0Wx54kR9j2HcVP8w4k","✅ Sent"
"Gates Hvacr LLC","http://gateshvacr.com/","+1 413-774-9482","135 Millers Falls Rd, Turners Falls, MA 01376","Turners Falls",1376,"Massachusetts",5,6,0,"ChIJYXLmbpws4YkR8OZwb_mETuw","✅ Sent"
"Jamrog HVAC","http://jamroghvac.com/","+1 413-548-9024","194 Millers Falls Rd Suite 2, Turners Falls, MA 01376","Turners Falls",1376,"Massachusetts",4.6,11,1,"ChIJQwiItAoy4YkR4JdPvzDN80E","✅ Sent"
"ThermaCare Heating, Air & Electric","https://thermacareheating.homes/concord","+1 978-734-4440","83 Middle St, Concord, MA 01742","Concord",1742,"Massachusetts",4.8,63,1,"ChIJVcOGa2Gb44kREIBdvvNUlCw","✅ Sent"
"St Joseph HVAC","https://hvacstjoseph.com/","","","",0,"",5,13,1,"ChIJP9k80skABIUR4_qj-1M0was","✅ Sent"
"A&D Ductless LLC","https://adductless.wixsite.com/my-site-1","+1 857-205-6888","","",0,"",5,16,1,"ChIJdTm7xUhdN4ERwsQhJFRGdcs","✅ Sent"
"R.H. Young Cooling and Heating, Inc.","https://www.rhyoung.com/%3Futm_source%3Dgoogle%26utm_medium%3Dorganic%26utm_campaign%3Dgbp","+1 978-663-8875","55 High St STE 5, North Billerica, MA 01862","North Billerica",1862,"Massachusetts",4.8,249,1,"ChIJz1eqKnGh44kRRLcIN5wYiBg","✅ Sent"
"KB Heating & Cooling LLC","http://www.kbheatingcooling.com/","+1 978-905-0456","5 Clarke Ave, Chelmsford, MA 01824","Chelmsford",1824,"Massachusetts",4.8,25,1,"ChIJC_I9t411ZqQR_G4QrqfqDKQ","✅ Sent"
"CONWAY HEATING AND AIR","http://www.conway-hvac.com/","+1 978-479-0720","254 Salem Rd, Billerica, MA 01821","Billerica",1821,"Massachusetts",5,173,1,"ChIJAQAAANCh44kRSa0gbhzPh00","✅ Sent"
"Pinnacle HVAC","https://www.pinnaclehvac.com/","+1 781-647-7117","289 Great Rd Suite 7, Acton, MA 01720","Acton",1720,"Massachusetts",4.5,42,1,"ChIJP_5fOzCX44kRYp1hWs6-EB0","✅ Sent"
"PerfectTemp Heating, Air & Electric","","+1 978-830-3444","94b Main St, Maynard, MA 01754","Maynard",1754,"Massachusetts",4.9,87,1,"ChIJXwsX_CGR44kRCK7NJ1lohTo","✅ Sent"
"128 Plumbing, Heating, Cooling & Electric","https://www.128plumbing.com/","+1 978-515-3128","80 Brick Kiln Rd, Chelmsford, MA 01824","Chelmsford",1824,"Massachusetts",5,426,1,"ChIJ70928q8l44kRpQt8kDQiG1Y","✅ Sent"
"Elemental Heating & Cooling","https://www.elemental-hvac.com/","+1 978-496-8320","288 Littleton Rd STE 18, Westford, MA 01886","Westford",1886,"Massachusetts",5,131,1,"ChIJl1KOtM2944kR-5F1AG0NxbY","✅ Sent"
"Christie Cooling and Heating","https://www.christiehvac.com/","+1 978-881-4242","Concord Rd, Acton, MA 01720","Acton",1720,"Massachusetts",4.8,221,1,"ChIJq6oW39eQ44kR6gAPfvVAL-Q","✅ Sent"
"MVP HVAC","https://mvpheatingcooling.com/","+1 978-888-8995","","",0,"",4.9,56,1,"ChIJbXvkkkKj44kRlLlh_yy6vC0","✅ Sent"
"MillTown Plumbing, Heating, Cooling and Electrical","https://milltownplumbing.com/%3Futm_source%3Dgoogle%26utm_medium%3Dgbp-che","+1 978-547-4790","131 Stedman St #6, Chelmsford, MA 01824","Chelmsford",1824,"Massachusetts",4.8,2743,1,"ChIJmap9xmWj44kROSDcb71XhGQ","✅ Sent"
"Polar Patriot, Inc.","https://www.polarpatriotusa.com/","","","",0,"",5,31,1,"ChIJD2oLFGcT5IkRuSkmRFOi-6s","✅ Sent"
"AirPro Solutions Hvac","https://www.airprosolutionshvac.com/","+1 781-874-8899","225 Littleton Rd, Chelmsford, MA 01824","Chelmsford",1824,"Massachusetts",5,30,1,"ChIJTfKYhYWi5SsRvbogG8i82C8","✅ Sent"
"Village Home Services","https://www.villagehomeservices.com/","+1 978-733-9593","9 Kidder Rd Suite C, Chelmsford, MA 01824","Chelmsford",1824,"Massachusetts",5,404,1,"ChIJC3znxza944kRfv4Yd6G_NRY","✅ Sent"
"Dodge Cooling and Heating","http://www.dodgecooling.com/%3Futm_source%3Dgoogle%26utm_medium%3Dwix_google_business_profile%26utm_campaign%3D4685285886097511851","+1 978-250-4064","187 Billerica Rd Suite 6, Chelmsford, MA 01824","Chelmsford",1824,"Massachusetts",5,341,1,"ChIJ0S9b3tW844kRqlPPXC4ak_g","✅ Sent"
"MAC HVAC","http://www.mac-hvac.com/","+1 978-670-5670","71 Faulkner St # 115, North Billerica, MA 01862","North Billerica",1862,"Massachusetts",5,90,1,"ChIJ3xqyAGOh44kRcQUXyy2ezeI","✅ Sent"
"CoolAir Company, Inc.","http://www.coolaircompany.com/","+1 978-788-0548","525 Woburn St, Tewksbury, MA 01876","Tewksbury",1876,"Massachusetts",4.6,25,1,"ChIJb8yl8mCp44kRwZ5Vv3NaoPk","✅ Sent"
"Total Comfort Mechanical","https://www.totalcomfortmech.com/","+1 781-999-1275","4 Garfield Cir, Burlington, MA 01803","Burlington",1803,"Massachusetts",4.9,808,1,"ChIJ7Ve6HXF144kRioyQYKOpZc8","✅ Sent"
"Summit Mechanical","","+1 978-604-8717","","",0,"",5,6,1,"ChIJzZE5LqSh44kRNP9YqIcfZUM","✅ Sent"
"All In One Enterprise","https://www.allinone-enterprise.com/","+1 978-386-4486","","",0,"",5,5,1,"ChIJy1Rbba7K8agRM-c7QFqLhy0","✅ Sent"
"Ranucci & Sons HVAC","http://www.ranuccisonshvac.com/","+1 978-728-8383","55 High St STE 15, North Billerica, MA 01862","North Billerica",1862,"Massachusetts",5,56,1,"ChIJVRBoahS5lK0RaK_iJ4n-D8A","✅ Sent"
"DAN CORBETT","","+1 978-250-0379","16 Marion St, Chelmsford, MA 01824","Chelmsford",1824,"Massachusetts",5,3,1,"ChIJN_AYOkaj44kR8zCaQJtGPKg","✅ Sent"
"Home Mechanics - Heating & Cooling, Plumbing & Electrical","https://homemechanics.com/%3Futm_campaign%3Dgmb","+1 978-986-4282","6 McMahon St, Chelmsford, MA 01863","Chelmsford",1863,"Massachusetts",5,36,1,"ChIJ-ZqkKtud44kRGxhSWoyyVPM","✅ Sent"
"Imperium Cooling & Heating LLC","http://www.imperiumcoolheat.com/","+1 978-451-0010","","",0,"",4.5,16,1,"ChIJkQJFopCl44kRFXd7auO81G4","✅ Sent"
"Bedford Mechanical, Inc.","http://bedfordmechanical.com/","+1 781-275-1668","","",0,"",3.4,15,1,"ChIJLXv5ntKe44kRiCd3nXt16v8","✅ Sent"
"Alpine Air Conditioning Corporation","http://alpinehvacma.com/","+1 978-667-4535","37 Linnell Cir, Billerica, MA 01821","Billerica",1821,"Massachusetts",3.7,3,0,"ChIJeYv1yXqf44kRWFnPX85_p84","✅ Sent"
"Hunter & Sons AC & Cooling","https://huntersonsaccooling.com/lowell-ma/","+1 351-900-7600","23 Wood St, Lowell, MA 01851","Lowell",1851,"Massachusetts",4.9,98,1,"ChIJXXdTBxSl44kR24vMaqZpsCk","✅ Sent"
"HEATING UP LLC","","+1 339-330-6805","19 Crimson Rd, Billerica, MA 01821","Billerica",1821,"Massachusetts",5,1,1,"ChIJlZaYmV6h44kRWM2S-ydhlGY","✅ Sent"
"Harmony Heating & Air Conditioning","https://harmonyheating.online/acton","+1 978-830-1300","260 Great Rd, Acton, MA 01720","Acton",1720,"Massachusetts",4.9,8,1,"ChIJC0wgLmOX44kRjkDZilq6OX8","✅ Sent"
"Sheetmetal Systems & Design","http://www.sheetmetalsystems.org/","+1 978-663-7781","77 Alexander Rd STE 3, Billerica, MA 01821","Billerica",1821,"Massachusetts",4.6,5,1,"ChIJgTE8CWmg44kR0LZ2ODTFT4I","✅ Sent"
"EcoSave Home Solutions","https://www.ecosavehomesolutions.com/","","70 Princeton St, North Chelmsford, MA 01863","North Chelmsford",1863,"Massachusetts",5,10,1,"ChIJSVyPWfqj44kRkVjVlovP35A","✅ Sent"
"Affordable Heat & Air","https://affordableheatandair.biz/%3Futm_source%3Dgoogle%26utm_medium%3Dorganic%26utm_campaign%3Dgbp","+1 978-667-8122","17 Twombley Ave, North Billerica, MA 01862","North Billerica",1862,"Massachusetts",4.7,63,1,"ChIJ8X9oedaj44kR1wlUyHE-Yps","✅ Sent"
"AAA MECHANICAL LLC","https://aaamechanicalllc.com/","+1 978-296-8966","","",0,"",0,0,1,"ChIJGbXU1-5K9WMR0Qv470n76lQ","✅ Sent"
"Peak Sales Solutions Llc","http://www.peaksalessolutions.com/","+1 978-429-8473","N/A, Acton, MA 01720","Acton",1720,"Massachusetts",0,0,1,"ChIJG_86BCmR44kRmDLtVxMWHrY","✅ Sent"
"Zeke Heating and Cooling","","+1 978-987-8373","","",0,"",5,1,1,"ChIJ32F7zS_s-I8RqXSEeP41s9I","✅ Sent"
"American Air HVAC","https://www.americanairinc.com/","+1 978-640-8880","1 Boxcar Blvd, Tewksbury, MA 01876","Tewksbury",1876,"Massachusetts",4.8,206,1,"ChIJY2KHgPKg44kRCwUe-5u76vU","✅ Sent"
"Top Notch Comfort LLC","http://www.topnotchcomfort.com/","+1 978-788-3455","2 Hodgson St, Tewksbury, MA 01876","Tewksbury",1876,"Massachusetts",4.9,11,1,"ChIJiSaXPTeh44kRGQVU6kJxuxQ","✅ Sent"
"Warrior Plumbing ,Heating & Cooling","http://warriorheatingcooling.com/","+1 617-286-5682","2 Jared Cir, Billerica, MA 01821","Billerica",1821,"Massachusetts",5,10,1,"ChIJWxaZSlmh44kR3uue5ahMaR0","✅ Sent"
"Vanguard Heating & Cooling","","+1 781-619-3374","1 Van de Graaff Drive, Burlington, MA 01803","Burlington",1803,"Massachusetts",5,9,0,"ChIJuxW8H3l644kR_m-MDkxO43A","✅ Sent"
"Eric C. Foster Plumbing Heating & Cooling Inc.","http://www.ecfplumber.com/","+1 978-256-5976","145 Stedman St, Chelmsford, MA 01824","Chelmsford",1824,"Massachusetts",4.9,567,1,"ChIJ_zAvwGWj44kRfwNeFLmJzTE","✅ Sent"
"Comfort Masters Heating","https://comfortmastersheating.best/lincoln","+1 781-560-5666","1 Ridge Rd, Lincoln, MA 01773","Lincoln",1773,"Massachusetts",4.8,83,1,"ChIJzXNlDtCb44kRdAsAdeGo_pI","✅ Sent"
"Green Energy AC Heating & Plumbing Repair","https://greenenergymech.com/ac-repair-lexington-ma/","+1 781-630-7573","76 Bedford St STE 12, Lexington, MA 02420","Lexington",2420,"Massachusetts",4.9,36,1,"ChIJWSqNARqd44kRPV5xsgOr2g8","✅ Sent"
"Lowell Heating & Air Conditioning","","+1 978-209-2266","462 Bridge St, Lowell, MA 01850","Lowell",1850,"Massachusetts",4.7,23,0,"ChIJV8BMQZOl44kRhk6t-HZEJCE","✅ Sent"
"Lorenzo’s Hvac","https://lorenzoshvac.com/","+1 978-441-8806","","",0,"",5,4,1,"ChIJSx667byKN6wR-KwoXtG3JCk","✅ Sent"
"Hunter & Sons AC Heating & Cooling","https://huntersonsaccooling.com/lowell-ma-2/","+1 351-247-7800","205 Plain St, Lowell, MA 01852","Lowell",1852,"Massachusetts",4.8,73,1,"ChIJT7EJNr-j44kRPPEkWkddB0g","✅ Sent"
"Carlson Hvac Inc","","+1 978-947-1425","251 Old Concord Rd, Billerica, MA 01821","Billerica",1821,"Massachusetts",3,2,0,"ChIJKcqOC4qf44kR9pr6ITc3Hzc","✅ Sent"
"Hobart Heating and Air Conditioning","https://www.hobarthvac.com/","+1 978-944-7440","","",0,"",5,7,1,"ChIJ-w73Ob0hGCERa9ok3QT4-o0","✅ Sent"
"Frank's Heating & Air Conditioning","https://www.franksheating.com/%3Futm_source%3Dgoogle%26utm_medium%3Dorganic%26utm_campaign%3Dgbp","+1 978-851-4403","555 Woburn St, Tewksbury, MA 01876","Tewksbury",1876,"Massachusetts",4.3,154,1,"ChIJ45cwrrmm44kRNkBX-LJlKXQ","✅ Sent"
"Kilpatrick HVAC","","+1 978-799-7705","","",0,"",5,2,1,"ChIJqeY5JgOW44kRnf4MJElWxX8","✅ Sent"
"Excel Mechanical","http://www.excelmechanical.com/","+1 617-362-7748","2261 Main St, Tewksbury, MA 01876","Tewksbury",1876,"Massachusetts",4.8,380,1,"ChIJle7Bss5w44kRMBUQSAJZpwI","✅ Sent"
"Adaptive HVAC Supplies","http://www.adaptivehvacsupplies.com/","+1 833-732-3278","33 Nagog Park, Acton, MA 01720","Acton",1720,"Massachusetts",5,8,1,"ChIJk4DoMJyX44kR36wwYjhR-b4","✅ Sent"
"Gray Co","http://www.graycoplumbingandheating.com/","+1 781-275-1233","330 South Rd # 5, Bedford, MA 01730","Bedford",1730,"Massachusetts",4.1,13,1,"ChIJ7SBJX7ue44kROnWPRTGk_5A","✅ Sent"
"Flett Mechanical Services","https://www.fletthvac.com/blank-2","+1 781-879-8290","33 Sycamore Ln, Billerica, MA 01821","Billerica",1821,"Massachusetts",5,1,0,"ChIJq6ruxiCi44kRN6dlVh4K4-A","✅ Sent"
"Kirkland and Shaw Inc.","https://www.kirklandandshaw.com/","+1 781-272-2670","5 Adams St, Burlington, MA 01803","Burlington",1803,"Massachusetts",4.5,15,1,"ChIJuXHBpBWe44kR_mRwSxzAIok","✅ Sent"
"Phoenix Air Services","","+1 978-729-3393","4 Kidder Rd, Chelmsford, MA 01824","Chelmsford",1824,"Massachusetts",3,2,0,"ChIJXQIZ3H6944kRa27J8ZzLkxo","✅ Sent"
"Basnett Plumbing, Heating, AC & Electrical","https://basnettplumbing.com/%3Futm_source%3Dgoogle-business-listing%26utm_medium%3Dorganic%26utm_campaign%3Dwebsite-button","+1 978-272-0549","438 King St, Littleton, MA 01460","Littleton",1460,"Massachusetts",4.9,1380,1,"ChIJISsVPXiW44kRDChBuD19a4I","✅ Sent"
"Duct Monkeys Heating and Cooling LLC","","+1 978-606-6907","","",0,"",5,5,1,"ChIJa8defbnGbQURUYncCuRr4SY","✅ Sent"
"Denommee Plumbing, HVAC & Electric","https://www.denommeeplumbing.com/","+1 781-272-4121","173 Cambridge St, Burlington, MA 01803","Burlington",1803,"Massachusetts",4.6,128,1,"ChIJae-0Reef44kRUUQvvjIPiXY","✅ Sent"
"YurTek - Trudeau HVAC and Property Management","http://www.yurtek.com/","+1 978-995-0068","161 Mt Pleasant St, Lowell, MA 01850","Lowell",1850,"Massachusetts",5,80,1,"ChIJeb5kVPal44kRAZDgQRDevw0","✅ Sent"
"Brennan Cooling & Heating","","+1 978-670-1265","31 Glenside Ave, Billerica, MA 01821","Billerica",1821,"Massachusetts",5,3,0,"ChIJ-ZdbN4if44kRRcJKe-quMZU","✅ Sent"
"Mc Gregor Heating & Air Conditioning","","+1 781-271-0106","7 Railroad Ave, Bedford, MA 01730","Bedford",1730,"Massachusetts",3,2,0,"ChIJ32ottsme44kRF2k_2sulZho","✅ Sent"
"Cooling & Heating","","","34 Sullivan Rd, Billerica, MA 01821","Billerica",1821,"Massachusetts",3.7,3,0,"ChIJTR0PtXyf44kRb9QU6JvT6UU","✅ Sent"
"Air Temperature Control","https://www.airtemperaturecontrols.com/","+1 978-726-9239","","",0,"",5,1,1,"ChIJv_7w60-l44kRmbdUKb95hI8","✅ Sent"
"B J Doyle Heating & Air Conditioning","","+1 978-671-9373","572 Boston Rd, Billerica, MA 01821","Billerica",1821,"Massachusetts",5,2,0,"ChIJs0zWy8Sh44kRR9zOERa5gkY","✅ Sent"
"BMR Hvac","https://www.bmr-hvac.com/","+1 857-465-4985","","",0,"",4.5,8,1,"ChIJS_4MS1_00AURUGzZjcEqSHA","✅ Sent"
"New England Climate Solutions, Inc","","+1 978-652-2301","","",0,"",1,1,1,"ChIJ1XtVKhaf44kRtOr0XVoc5MY","✅ Sent"
"TJ Heating & Cooling","https://www.tjheatcool.com/about/contact-us/","+1 978-670-5664","71 Faulkner St, North Billerica, MA 01862","North Billerica",1862,"Massachusetts",4.4,5,0,"ChIJ6WoO8mKh44kRwKFc-93BgQo","✅ Sent"
"LT Heating & Cooling","","+1 978-397-1643","38 Crown Rd, Westford, MA 01886","Westford",1886,"Massachusetts",0,0,0,"ChIJu92fzxal44kRH9BTlYDrYz8","✅ Sent"
"Medford Wellington Service Company","https://www.medfordwellington.com/","+1 800-732-3754","9 Executive Park Dr #100, North Billerica, MA 01862","North Billerica",1862,"Massachusetts",4.5,20,1,"ChIJTY6N2cqj44kRoQb1TpHy3FU","✅ Sent"
"J C Heating & Air Conditioning","","+1 781-272-5593","14 Moss St, Burlington, MA 01803","Burlington",1803,"Massachusetts",3,2,1,"ChIJuT11ON-f44kRuX-ILg37yuY","✅ Sent"
"Regas Heating & Air Conditioning","","+1 617-799-5327","","",0,"",5,1,1,"ChIJhxZ3ap6h44kRkw0mwXNerh4","✅ Sent"
"Robert Matley & Sons","","+1 978-692-2136","146 Main St, Westford, MA 01886","Westford",1886,"Massachusetts",5,6,1,"ChIJ9zfMoxC944kRxHY65_vDeLE","✅ Sent"
"Welch Brothers Co Inc","https://www.welchbrothersplumbing.com/","+1 978-453-2100","148A Tanner St, Lowell, MA 01852","Lowell",1852,"Massachusetts",4.4,14,0,"ChIJ-aUg7XOk44kR3mjsHu9NXJU","✅ Sent"
"Crs Inc","http://www.crs-ma.com/","+1 978-663-6664","243 Rangeway Rd, North Billerica, MA 01862","North Billerica",1862,"Massachusetts",5,4,0,"ChIJFeW1Immi44kRk2_x6eg1z-w","✅ Sent"
"Colonial Comfort >","https://www.colonialcomfort.net/contact.html","+1 978-264-4848","126 Nonset Path, Acton, MA 01720","Acton",1720,"Massachusetts",0,0,0,"ChIJ__87jByX44kRwv-xNyobyGQ","✅ Sent"
"API of New Hampshire & Delta T Chelmsford","https://www.apiofnh.com/home","+1 978-244-1475","10 Elizabeth Dr, Chelmsford, MA 01824","Chelmsford",1824,"Massachusetts",4.8,6,0,"ChIJLd4PirOj44kRwl8HbNy56Z0","✅ Sent"
"Control Temp Air Conditioning & Heating","http://www.controltempma.com/","+1 978-256-8118","11 Meehan Dr, Chelmsford, MA 01824","Chelmsford",1824,"Massachusetts",0,0,1,"ChIJjS-pfLKi44kR_h_F7XIBuQo","✅ Sent"
"B&L Mechanical and Consulting Inc.","http://www.bandlmechanical.com/","+1 978-262-0003","267 Boston Rd STE 16, North Billerica, MA 01862","North Billerica",1862,"Massachusetts",5,1,1,"ChIJF5QDz4ah44kRQk_JmLw_Eto","✅ Sent"
"Arctico Heating and Cooling","http://www.arcticocorp.com/","","","",0,"",4.3,6,1,"ChIJlamAhJGl44kRwuBgDazdWkI","✅ Sent"
"Ultra Services Inc","http://www.usi-hvac.com/","+1 978-667-8800","8 Cook St, Billerica, MA 01821","Billerica",1821,"Massachusetts",5,1,0,"ChIJddew1Cmg44kRW0yiVQRudf4","✅ Sent"
"All Seasons Cooling & Heating","https://hvacforallseasons.com/lowell-ma/","+1 978-513-8238","41 Wellman St #423, Lowell, MA 01851","Lowell",1851,"Massachusetts",0,0,1,"ChIJH1vuddaj44kRlJnCJOfujQY","✅ Sent"
"High Quality HCE","","+1 626-242-3693","","",0,"",0,0,1,"ChIJFYlYaZGZ44kRz1AcZ-jgoEU","✅ Sent"
"Air Temperature Control","https://www.airtemperaturecontrols.com/contact/","+1 978-726-9239","","",0,"",5,3,1,"ChIJlVLOy4Wk44kRBCX9arDq9OM","✅ Sent"
"Mancini Heating & Cooling","http://www.mancinihvac.com/","+1 978-436-9944","77 Alexander Rd, Billerica, MA 01821","Billerica",1821,"Massachusetts",3.2,10,1,"ChIJgTE8CWmg44kRMonsST8np5c","✅ Sent"
"Revise Inc.","https://www.callrevise.com/","+1 800-885-7283","131 Great Rd, Bedford, MA 01730","Bedford",1730,"Massachusetts",3,2,1,"ChIJg-yDPq-f44kRT3oz8m-bYHE","✅ Sent"
"JD&Son Duct Cleaning","","+1 401-385-9137","","",0,"",4.8,52,1,"ChIJ_____z815IkR9aK2JBmU2hI","✅ Sent"
"Tewksbury Mechanical Solutions","","+1 781-498-8330","","",0,"",4,6,1,"ChIJd8CYD86n44kRFjgCEh6pJAU","✅ Sent"
"Joe Ayotte Heating & Air Conditioning","","+1 978-452-5000","91 Maple St STE 9, Lowell, MA 01852","Lowell",1852,"Massachusetts",5,4,0,"ChIJ-2D68A2k44kRSpP_9ayj578","✅ Sent"
"Hamilton Hvac","","+1 978-419-6185","8 Euclid Rd, Tewksbury, MA 01876","Tewksbury",1876,"Massachusetts",3,2,1,"ChIJP8H434yh44kRJZsSXQ2W-Fw","✅ Sent"
"J A Healy & Sons Oil Company","https://jahealyoil.com/","+1 978-692-6543","5 2nd St, Westford, MA 01886","Westford",1886,"Massachusetts",5,43,1,"ChIJ8yng6MK944kRxkgs3sCCMbs","✅ Sent"
"Jeneral Plumbing","https://www.jeneral-plumbing.com/","+1 978-392-7789","5 Westford Hills Rd #5119, Westford, MA 01886","Westford",1886,"Massachusetts",5,37,1,"ChIJvYcDmBLVYW4Rux0-ehCP3Mk","✅ Sent"
"Doug Anderson Plumbing and Heating","https://www.daplumbingandheating.com/","+1 978-733-2747","34 Sullivan Rd STE 25, North Billerica, MA 01862","North Billerica",1862,"Massachusetts",4.9,190,1,"ChIJicccV2qj44kRoiwlUkqB4s8","✅ Sent"
"D&D SERVICES","http://www.ddservicesonline.com/","+1 978-988-3889","","",0,"",5,1,1,"ChIJcc62sGYK44kREOQH9B8Fl9c","✅ Sent"
"Burlington Plumbing & Heating","http://www.burlington-plumbing.com/","+1 978-667-0010","","",0,"",3,2,1,"ChIJs0zWy8Sh44kRfU_TTiPNa8g","✅ Sent"
"D & C Mechanical, Inc.","http://www.dcmechanicalhvac.com/","+1 978-710-3122","1147 Main St STE 215, Tewksbury, MA 01876","Tewksbury",1876,"Massachusetts",3.9,7,1,"ChIJsV5FHtWm44kRi2HjwX-yDxU","✅ Sent"
"BayState Air, Inc.","https://www.baystateair.com/","+1 781-396-3222","20 Terry Ave, Burlington, MA 01803","Burlington",1803,"Massachusetts",3,4,1,"ChIJ9bWSxkhx44kReQoLfQuO5p4","✅ Sent"
"Colonial Comfort","http://www.colonialcomfort.net/","+1 978-264-4848","14 Red Acre Rd, Stow, MA 01775","Stow",1775,"Massachusetts",4.7,18,1,"ChIJbfgQjByX44kRUZlOHyTp2BQ","✅ Sent"
"MacCo Energy","http://www.maccormackplumbing.com/","+1 978-663-9530","17 Bridge St #205, Billerica, MA 01821","Billerica",1821,"Massachusetts",2.8,18,1,"ChIJ19DF5Yah44kR875X1FKeFfg","✅ Sent"
"Sergeant HVAC","https://sergeanthvac.com/","+1 339-645-4822","","",0,"",0,0,1,"ChIJW8XHOuNyl20RBPXwnqZnxCs","✅ Sent"
"Flowtech Mechanical llc","","+1 781-898-5543","","",0,"",0,0,1,"ChIJgcmVZECj44kREFU6BbdDMbU","✅ Sent"
"Clear air heating and cooling","","+1 781-913-9827","351 Pawtucket Blvd, Lowell, MA 01854","Lowell",1854,"Massachusetts",3.7,3,1,"ChIJZUlVwXml44kRzdgid9SlFmw","✅ Sent"
"WJS Mechanical Corp","","+1 978-851-8170","90 Worthern Pl, Tewksbury, MA 01876","Tewksbury",1876,"Massachusetts",4,6,0,"ChIJu-qTcUah44kRvynkSPh7N3A","✅ Sent"
"PAUL'S HVAC","","+1 978-851-3109","35 Windham Rd, Tewksbury, MA 01876","Tewksbury",1876,"Massachusetts",5,1,0,"ChIJD4Bq-KOg44kRIjR1dp81AOQ","✅ Sent"
"Champion HVAC Services","","+1 646-992-3222","3 Wooster St, New York, NY 10013","New York",10013,"New York",5,14,1,"ChIJe5btEopZwokRpygcP25r2VA","✅ Sent"
"Central HVAC Services, Inc.","","+1 929-205-6785","245 A Eldridge St, New York, NY 10002","New York",10002,"New York",5,1,1,"ChIJhWIBQdBZwokRnU3MVxBzJgo","✅ Sent"
"HVAC Services, LLC","https://hvacllc.com/","+1 201-991-2002","183 Garfield Ave, Kearny, NJ 07032","Kearny",7032,"New Jersey",4.6,11,1,"ChIJPeWsYehVwokRZjTJOuz3_qA","✅ Sent"
"Eric Sabo Plumbing Heating & Cooling, LLC.","https://ericsabo.com/","+1 860-608-4610","","",0,"",4.9,247,1,"ChIJ98pBiWB95okRU0etcjGIqIM","✅ Sent"
"Commercial HVAC Repair Maintenance & Installation Experts NYC","http://commercialhvacnewyork.com/","+1 347-862-9686","49 Flatbush Ave # 154, Brooklyn, NY 11217","Brooklyn",11217,"New York",5,52,1,"ChIJrfL9aplbwokRgOl--fZjMEM","✅ Sent"
"Air Pro Services LLC","http://www.airprofessionalservices.com/","+1 860-334-3031","54 Woodchuck Hill Rd, Canterbury, CT 06331","Canterbury",6331,"Connecticut",4.6,9,1,"ChIJVZFrwm7UGQwRa2O2lZA-hDU","✅ Sent"
"Quiet Corners Mechanical Services, LLC","https://www.quietcornersmechanicalservices.com/","+1 860-423-8560","","",0,"",4.7,323,1,"ChIJxeigZRZ95okRwdENe625I70","✅ Sent"
"American HVAC Corp – Top HVAC Contractor NYC","https://americanhvac.nyc/locations/manhattan-ny/","+1 347-382-9030","368 9th Ave 6th floor, New York, NY 10001","New York",10001,"New York",4.8,133,1,"ChIJdfM4E6FZwokRpYnueTSsNYA","✅ Sent"
"212 HVAC NYC","https://www.212hvac.com/","+1 212-624-2505","119 Christopher St #53, New York, NY 10014","New York",10014,"New York",5,15,1,"ChIJ_4XEr2dZwokRiDhBu1p_Cnw","✅ Sent"
"Williams & Associates Mechanical Contracting INC","http://plumbingheatingprofessionals.com/","+1 860-867-6976","","",0,"",4.6,18,1,"ChIJqSZ9b_ve5YkRQECvAF4_USw","✅ Sent"
"HVAC Central Air Inc","https://hvaccentralair.com/","+1 631-440-1032","60 E 65th St 3rd floor, New York, NY 10065","New York",10065,"New York",0,0,1,"ChIJL_PmjWFZwokRqN-fBpQrIyA","✅ Sent"
"HVAC Restorations LLC.","https://m.facebook.com/61570893873848/","+1 860-912-8483","104 Browning Rd, Norwich, CT 06360","Norwich",6360,"Connecticut",5,30,1,"ChIJfb3nPzRFtWYRxmiZP9-xqUw","✅ Sent"
"Air Pro Services LLC","","+1 860-334-3031","","",0,"",0,0,1,"ChIJYS9IfvcRFIQRjLn5a59qSqw","✅ Sent"
"Connecticut HVAC Services llc","https://cthvacservices.com/","+1 203-641-4118","153 #103 Boston post rd, East Lyme, CT 06333","East Lyme",6333,"CT",4.6,103,1,"ChIJA6Op0F4X5okRAPI1nnKQBvw","✅ Sent"
"R.B. Kent & Son, Inc","http://rbkentandsoninc.com/","+1 860-445-2331","1363 Baldwin Hill Rd, Gales Ferry, CT 06335","Gales Ferry",6335,"Connecticut",5,1,1,"ChIJ11KsamsN5okRpPfKHrHm1es","✅ Sent"
"Broad Brook Heating & Cooling Inc","https://www.broadbrookheating.com/%3Futm_source%3Dgoogle%26utm_medium%3Dorganic%26utm_campaign%3Dgbp","+1 860-887-0147","","",0,"",4.9,174,1,"ChIJJ1_jSbx35okRqaytitpTMtE","✅ Sent"
"Marlborough Heating & AC","","+1 860-642-4848","26 Randall Rd, Lebanon, CT 06249","Lebanon",6249,"Connecticut",4.2,5,0,"ChIJUX6g-Sxv5okRvo3t6cblIJc","✅ Sent"
"J.M. Curtis Energy Solutions","http://www.jmcurtisenergy.com/","+1 860-264-5118","88 Hoskins Rd, Bloomfield, CT 06002","Bloomfield",6002,"Connecticut",4.9,65,1,"ChIJ76d1Fn2p54kRTn46qVheGgI","✅ Sent"
"Connecticut Air Systems","http://www.ctairsys.com/","+1 203-877-4070","270 Rowe Ave, Milford, CT 06461","Milford",6461,"Connecticut",4.7,24,1,"ChIJpxvbgKUM6IkR_Y9-nPd6XJU","✅ Sent"
"CNM Heating Cooling Piping LLC","https://www.cnmhcpllc.com/","+1 860-891-3073","699 Storrs Rd, Storrs, CT 06268","Storrs",6268,"Connecticut",5,183,1,"ChIJFcdXxXVi5okRYWcpHPvsjko","✅ Sent"
"AK Plumbing, LLC","https://akplumbingllc.com/","+1 218-290-1546","","",0,"",1,1,1,"ChIJ7YrKKF2fpVIRIN03FQHPOxA","✅ Sent"
"H & H Repairs LLC","https://hancockhandyman.com/","+1 218-248-5211","","",0,"",0,0,1,"ChIJUwkCYV8NsmMRsGVdeZFXv4M","✅ Sent"
"Conlow Heating & Cooling - Cape May County NJ","https://www.conlowacrepair.com/","+1 609-849-5522","8 Stagecoach Rd, Cape May Court House, NJ 08210","Cape May Court House",8210,"New Jersey",5,29,1,"ChIJqQEtNRhjeSIRPYpYPkXqu9k","✅ Sent"
"Comfort Now by Bob McAllister","https://www.iwantcomfortnow.com/%3Futm_source%3Dgbp-listing-cape-may%26utm_medium%3Dorganic%26utm_campaign%3Dwebsite-button","+1 609-582-4025","28 Indian Trail Rd Unit 104, Cape May Court House, NJ 08210","Cape May Court House",8210,"New Jersey",4.9,303,1,"ChIJkcngLUCpwIkRstDnAbJ10lc","✅ Sent"
"PMB by the Sea","http://www.pmbbythesea.com/","+1 609-463-0143","359 Court House South Dennis Rd, Cape May Court House, NJ 08210","Cape May Court House",8210,"New Jersey",4.5,8,0,"ChIJcSr3kAavwIkR5izuDZfuR4o","✅ Sent"
"Ben's ProServ","https://www.bensproserv.com/","+1 609-912-3197","613 US-9, Cape May Court House, NJ 08210","Cape May Court House",8210,"New Jersey",4.9,121,1,"ChIJX0RcUNauwIkRPXPR9tmpBfw","✅ Sent"
"Celtic Air","https://www.celticair.com/%3Futm_source%3Dgoogle%2Bbusiness%2Blisting%26utm_medium%3Dorganic%26utm_campaign%3Dwebsite%2Bbutton","+1 609-898-9100","10 Indian Trail Rd, Cape May Court House, NJ 08210","Cape May Court House",8210,"New Jersey",4.9,976,1,"ChIJ3xLeeNSpwIkR1oZAwwCiIuY","✅ Sent"
"Walker HVAC LLC","http://www.jwalkerhvac.com/","+1 609-435-4675","87 Capewoods Rd, Cape May, NJ 08204","Cape May",8204,"New Jersey",5,6,0,"ChIJqYGUVM97200RmFmU43fVCHM","✅ Sent"
"MFTR services Heating and Cooling","","+1 609-972-2465","","",0,"",5,1,1,"ChIJsQubDYCmMycRE4EM8b2AJDk","✅ Sent"
"EastCoast Comfort Solutions","https://eastcoastcomfortsolutions.net/","+1 609-785-7281","","",0,"",4.6,43,1,"ChIJGZTpT4i7wIkRaiXLSzybp_w","✅ Sent"
"Konopka-Marsden & Sons","http://www.konopkamarsdenhvac.com/","+1 609-465-0770","50 S Delsea Dr, Cape May Court House, NJ 08210","Cape May Court House",8210,"New Jersey",4.5,22,1,"ChIJ39lwuCGswIkR1XYpjih_LP8","✅ Sent"
"Ferrell Cooling and Heating","","+1 609-463-0992","319 S Delsea Dr, Cape May Court House, NJ 08210","Cape May Court House",8210,"New Jersey",4.1,14,1,"ChIJlxOE1oyrwIkR6b7tl92ovxE","✅ Sent"
"Shore Guys Heating and Air Conditioning","https://shoreguyshvac.com/","+1 609-884-5016","3156 Rte 9 S #1, Rio Grande, NJ 08242","Rio Grande",8242,"New Jersey",4.9,1309,1,"ChIJ5-1TR6etwIkRe0u8zPQfgNk","✅ Sent"
"Air Care Cooling & Heating Inc","http://www.aircarecooling.com/","+1 609-886-8300","892 Towerview Rd, Cape May, NJ 08204","Cape May",8204,"New Jersey",4.7,9,1,"ChIJOVlMJhCqwIkRMKAHJRb3jFM","✅ Sent"
"Jersey Shore Mechanicals LLC","https://sites.google.com/view/jerseyshoremechanicals/","+1 609-224-5608","","",0,"",5,1,1,"ChIJqwBFYOvg8wURztgrVjeeE84","✅ Sent"
"Coastline Cooling & Heating","http://www.coastlinecoolingandheating.com/","+1 609-463-4963","108 N Wildwood Blvd Unit E, Cape May Court House, NJ 08210","Cape May Court House",8210,"New Jersey",4.6,9,1,"ChIJTSY03RSpwIkR57uTZsM6ES4","✅ Sent"
"Kings Heating & AC","","+1 609-522-8009","Cape May, NJ 08204","Cape May",8204,"New Jersey",5,2,0,"ChIJx-JIdGqowIkRCK0VEpkdeO8","✅ Sent"
"Joe Pro Plumbing - Heating - Air","https://www.calljoepro.com/","+1 609-262-4562","1554 US-9, Cape May Court House, NJ 08210","Cape May Court House",8210,"New Jersey",4.9,418,1,"ChIJ20bxkvavwIkRPTFBm73FuvQ","✅ Sent"
"Oliver Heating & Cooling","https://www.oliverheatcool.com/%3Futm_source%3DGoogleMyBusiness%26utm_medium%3Dorganic%26utm_campaign%3DGMBListingNJ","+1 609-770-6261","","",0,"",4.5,34,1,"ChIJk8AI5TipwIkRziJgaO-JJtU","✅ Sent"
"Bayshore Heating AC & Refrigeration","","+1 609-465-8151","663 Shunpike Rd, Cape May Court House, NJ 08210","Cape May Court House",8210,"New Jersey",3.5,2,0,"ChIJvfLDtkCpwIkRGGR915TVkhI","✅ Sent"
"HR Heating, Air Conditioning & Refrigeration","https://www.hrheatingandairconditioningnj.com/","+1 609-215-2885","","",0,"",4.7,138,1,"ChIJd0FLZEHmwIkR5Nd0t9Knkmg","✅ Sent"
"Walker HVAC LLC","http://www.jwalkerhvac.com/","+1 609-796-4234","","",0,"",5,1,1,"ChIJxfYDfNKuwIkRS0xIJB-n9fg","✅ Sent"
"Comfort Pro Heating, Cooling & Energy Services","https://comfortprollc.co/","+1 609-913-2915","4403 Park Blvd, Wildwood, NJ 08260","Wildwood",8260,"New Jersey",5,530,1,"ChIJ_Vnws5e7wIkRdebqdqBi2Uk","✅ Sent"
"H. R. Heating Air Conditioning & Refrigeration","https://hrheatingandairconditioning.com/","+1 609-742-0293","","",0,"",5,4,1,"ChIJBz69UZypwIkRB6Y8yjGXg8U","✅ Sent"
"South Jersey Air Cooling & Heating","","+1 609-889-3952","Cape May, NJ 08204","Cape May",8204,"New Jersey",3,1,0,"ChIJy4vfUSWowIkRBZEKfiXRGqM","✅ Sent"
"North Wildwood Mechanical Heating and Air Conditioning LLC.","http://www.nwwmechanical.com/%3Futm_source%3Dgoogle-gmb-maps%26utm_medium%3Dgmb-website-button%26utm_campaign%3Dlocl.io%26utm_content%3D1f931689-dea7-496f-ac21-2977df189185","+1 609-305-4259","351 Ranger Rd unit 3, Rio Grande, NJ 08242","Rio Grande",8242,"New Jersey",4.9,113,1,"ChIJr41KKzFVv4kR_c2LLdE-9PA","✅ Sent"
"Krobatsch Plumbing & Heating","","+1 609-884-1482","6 Hannah Dr, Cape May, NJ 08204","Cape May",8204,"New Jersey",5,7,1,"ChIJOzzE_0RUv4kRag9v13gzSbw","✅ Sent"
"Bowman's Cooling & Heating Inc","https://bowmansair.com/","+1 609-522-0121","","",0,"",4.4,50,1,"ChIJdwcRCdVXv4kR7O-mRUrMZao","✅ Sent"
"Air Group","https://airgroupllc.com/%3Futm_source%3Dgoogle%26utm_medium%3Dlocal%26utm_campaign%3Dgmb","+1 973-929-2080","1 Prince Rd, Whippany, NJ 07981","Whippany",7981,"New Jersey",4.9,2724,1,"ChIJI4GxzHiow4kRL1gYwDXh3xI","✅ Sent"
"Jersey Shore Air Conditioning and Heating","https://jerseyshoreacandheating.com/","+1 609-854-0200","","",0,"",5,3,1,"ChIJl9NW4fmkwIkRvptc6qQ1MgA","✅ Sent"
"Budd's Plumbing | Heating | Cooling","https://www.buddsplumbing.com/","+1 609-604-8450","1011 Rte 9 S, Cape May Court House, NJ 08210","Cape May Court House",8210,"New Jersey",4.9,339,1,"ChIJQXmtUj0GhU4R7scwbOUH5bM","✅ Sent"
"Seashore Refrigeration LLC","","+1 609-742-6128","2326 US-9, Cape May Court House, NJ 08210","Cape May Court House",8210,"New Jersey",3,2,1,"ChIJ4_qg0167wIkRqkCfTNw1vaA","✅ Sent"
"Arctic Air Conditioning And Heat Repair","","","1304 NJ-47, Rio Grande, NJ 08242","Rio Grande",8242,"New Jersey",5,1,0,"ChIJRw16GYqpwIkR60px0EUdml4","✅ Sent"
"Nick Badame Refrigeration LLC","https://www.nbadame.com/","+1 609-465-3285","1505 US-9 North, Cape May Court House, NJ 08210","Cape May Court House",8210,"New Jersey",4.2,5,1,"ChIJedArMGypwIkRih-Z_aFIiXA","✅ Sent"
"Nece's Plumbing & Heating","https://www.necesplumbing.com/","+1 609-307-2216","5 Oak View Rd, Cape May Court House, NJ 08210","Cape May Court House",8210,"New Jersey",4.9,185,1,"ChIJ-ZYCNTuqwIkRNIjdIt6tR78","✅ Sent"
"Cape May Contracting, Inc.","http://www.capemaycontracting.com/","+1 609-884-0300","128 Sunset Blvd, West Cape May, NJ 08204","West Cape May",8204,"New Jersey",4.6,11,1,"ChIJ31Cb3F9Uv4kRNWkhn5h67Dk","✅ Sent"
"Polar Bear Cooling, Heating & Refrigeration","https://www.polarbearmechanicalservices.com/contact/","+1 609-200-5047","28 Indian Trail Rd, Cape May Court House, NJ 08210","Cape May Court House",8210,"New Jersey",0,0,0,"ChIJ__8_JUCpwIkRUZbJ9k0nKdg","✅ Sent"
"Reliable Plumbing & Heating","https://www.reliableplumbingcmc.com/","+1 609-465-6177","1347 US-9, Cape May Court House, NJ 08210","Cape May Court House",8210,"New Jersey",4.6,13,0,"ChIJQ8HJBJGvwIkRwhvGsitYWmE","✅ Sent"
"Holman Plumbing & Heating","","+1 609-884-5620","214 Willow Dr, Cape May, NJ 08204","Cape May",8204,"New Jersey",5,10,0,"ChIJAxise25Vv4kRZzhjFPLFDe0","✅ Sent"
"TLC Mechanical LLC","http://tlcphc.com/","+1 609-624-2840","","",0,"",5,1,1,"ChIJg9tCcbMLxAoRJK65etEjX3k","✅ Sent"
"American Parts Distributor","http://www.usaparts.co/","+1 609-465-9671","12 N Wildwood Blvd, Cape May Court House, NJ 08210","Cape May Court House",8210,"New Jersey",4.2,13,1,"ChIJX3dcKhWpwIkRSAkEfGwEQGM","✅ Sent"
"TLC Plumbing Heating Cooling","https://www.tlcphc.com/","+1 609-624-2840","","",0,"",4.8,123,1,"ChIJ14zjaLK7wIkRiSD0mGCi0rA","✅ Sent"
"Surf Electrical Services & Surf Lighting Co.","https://www.surfelectric.net/","+1 609-770-3105","20 S Main St Unit A, Middle Township, NJ 08210","Middle Township",8210,"New Jersey",5,155,1,"ChIJI7bq1RSvwIkR3pJH8tozX3E","✅ Sent"
"M&E HVAC/R Services LLC","https://mehvacrservicesllc.com/","+1 609-551-3280","209 Washington Ave, Woodbine, NJ 08270","Woodbine",8270,"New Jersey",4.6,36,1,"ChIJKeGl9D23wIkR_pLQp0bVGPs","✅ Sent"
"Kings","http://kingsheatingcooling.com/","+1 609-476-1011","1070 Willets Rd, Ocean View, NJ 08230","Ocean View",8230,"New Jersey",4.6,11,1,"ChIJkSUlnNC-wIkRjUOpj6jKvPU","✅ Sent"
"Shore Air","","+1 609-624-0033","202 Woodbine Ocean View Rd, Ocean View, NJ 08230","Ocean View",8230,"New Jersey",4.6,11,0,"ChIJH3fPV7O7wIkRBiJXtG-wYhc","✅ Sent"
"Marsden & Sons Electric Inc","","+1 609-898-0070","354 Route NJ-47th south, Cape May Court House, NJ 08210","Cape May Court House",8210,"NJ",5,10,1,"ChIJEduzdAqqwIkRvWZNi24RzPU","✅ Sent"
"Comfort Now By Bob McAllister","https://www.iwantcomfortnow.com/%3Futm_source%3Degg-harbor-gbp-listing%26utm_medium%3Dorganic%26utm_campaign%3Dwebsite-button","+1 609-200-5081","1188 Ocean Heights Ave, Egg Harbor Township, NJ 08234","Egg Harbor Township",8234,"New Jersey",4.9,2326,1,"ChIJnQk3YtHBwIkR4PL2OKVozJA","✅ Sent"
"Valdo's Heating & Cooling","https://www.valdoshvac.com/","+1 609-522-2109","3706 Park Blvd, Wildwood, NJ 08260","Wildwood",8260,"New Jersey",4.2,54,1,"ChIJJVKaOS6owIkRpGjYR_96HHQ","✅ Sent"
"Impact Home Improvement Group","","+1 609-775-9256","","",0,"",0,0,1,"ChIJN4BfzKHUFQ0RzQrjXUZlNio","✅ Sent"
"Conover-Swanson Inc.","https://www.conover-swanson.com/","+1 609-624-1111","363 Woodbine Ocean View Rd, Ocean View, NJ 08230","Ocean View",8230,"New Jersey",3.8,5,1,"ChIJ9ciArWa7wIkRzQ0amMbDQSE","✅ Sent"
"New Wave","https://newwaveair.com/","+1 609-602-7796","450 7th St Unit 5, Somers Point, NJ 08244","Somers Point",8244,"New Jersey",5,78,1,"ChIJEz7TrLLqwIkRFzdLivlzxus","✅ Sent"
"John's A-C & Heat","https://johnsac.com/","+1 609-729-0011","5100 Shawcrest Rd, Wildwood, NJ 08260","Wildwood",8260,"New Jersey",0,0,1,"ChIJU4BAKvupwIkRrnLU0ex0PYQ","✅ Sent"
"Al's Plumbing & Heating Inc","http://alsplumbingandheating.com/","+1 609-886-1034","1255 Bayshore Rd, Villas, NJ 08251","Villas",8251,"New Jersey",5,1,1,"ChIJd9oWTf-rwIkR6E3aqqA7PZE","✅ Sent"
"Mikey’s Heating & Cooling","https://mikeysheatingandcooling.com/","","405 Frances Ave, Linwood, NJ 08221","Linwood",8221,"New Jersey",5,167,1,"ChIJE18l_gTrwIkRo4eKZYiwuYs","✅ Sent"
"McBride & Company Plumbing, Heating, Air Conditioning","http://www.mcbrideservice.net/","+1 609-927-7117","450 Adams St, Somers Point, NJ 08244","Somers Point",8244,"New Jersey",4.4,26,1,"ChIJC3C6rtbBwIkRASCXvL6T23c","✅ Sent"
"Cox Cooling and Heating","https://coxcoolingandheating.com/","+1 609-328-2422","","",0,"",5,8,1,"ChIJmz3xZEM4ZQ4RyLndLmE_0ZQ","✅ Sent"
"Clark Services, Inc. of DE","http://www.clarkhvacservices.com/","+1 302-947-9145","19388 Old Landing Rd, Rehoboth Beach, DE 19971","Rehoboth Beach",19971,"Delaware",4.9,32,1,"ChIJeZOQgb23uIkRKCsTjhu2-q8","✅ Sent"
"Ace Hardware Home Services","https://www.acehardwarehomeservices.com/offices/southern-new-jersey%3Futm_source%3Dgoogle%26utm_medium%3Dorganic%26utm_campaign%3DGMBListing-Linwood-NJ","+1 609-715-4029","501 W Patcong Ave, Linwood, NJ 08221","Linwood",8221,"New Jersey",4.9,2227,1,"ChIJeV5Xn4vpwIkRoWv71K7uAtU","✅ Sent"
"Edward W Zane Inc","http://www.edwardwzaneinc.com/","+1 609-967-7559","3735 Ocean Dr, Avalon, NJ 08202","Avalon",8202,"New Jersey",4,22,1,"ChIJP4Lb71WkwIkRrz6Lh4tWZpw","✅ Sent"
"Belasco Plumbing & Heating Inc","","+1 609-729-7553","243 W Oak Ave, Wildwood Crest, NJ 08260","Wildwood Crest",8260,"New Jersey",4.4,23,0,"ChIJC8blHjCowIkR-3l277LDj48","✅ Sent"
"Bowman's Cooling & Heating","https://www.bowmansair.com/about-us/","+1 609-522-0121","5104 Pacific Ave, Wildwood, NJ 08260","Wildwood",8260,"New Jersey",0,0,0,"ChIJVVWpDtVXv4kRpIn37r-PBMw","✅ Sent"
"Astro Electric","","+1 609-886-3420","504 S Railroad Ave, Rio Grande, NJ 08242","Rio Grande",8242,"New Jersey",5,6,0,"ChIJlVJVmheqwIkRdth4CVdIqho","✅ Sent"
"Cape Islands Building & Restoration","","+1 609-522-5500","","",0,"",0,0,1,"ChIJsTPNHm6owIkRsPkvxEEH2Ic","✅ Sent"
"Mac's Heating & Cooling","http://macsheatingandair.com/","+1 609-927-1900","","",0,"",4.8,231,1,"ChIJMRWb4R_pwIkR8VwtlzbquzM","✅ Sent"
"CMC Air Conditioning & Heating","","+1 609-263-8478","325 John F Kennedy Blvd, Sea Isle City, NJ 08243","Sea Isle City",8243,"New Jersey",4.1,9,0,"ChIJCSX8EV27wIkRneH0iZKOgqw","✅ Sent"
"Shelton Enterprises","","+1 856-466-6011","","",0,"",5,1,1,"ChIJQz3KQfZHx4kRK1rTRKOdwyw","✅ Sent"
"Home Services at The Home Depot","https://www.homedepot.com/l/Cape-May/NJ/Cape-May-Court-House/08210/943/services%3Femt%3DHSGMBGoogleMaps","+1 844-476-2140","21 Indian Trail Rd, Cape May Court House, NJ 08210","Cape May Court House",8210,"New Jersey",0,0,1,"ChIJAS00UWqpwIkRos755H0i9i8","✅ Sent"
"Woody's Heating Services","","+1 603-878-3685","7 Rousseau Heights, Greenville, NH 03048","Greenville",3048,"New Hampshire",4.7,7,0,"ChIJSRNjr4_a44kRF5jlUGVedhY","✅ Sent"
"RDM Plumbing and Heating","https://www.facebook.com/RDMPlumbin/","+1 774-470-1101","","",0,"",5,5,1,"ChIJM9T6n2An-oURHG_B9Efj0M8","✅ Sent"
"BARNETT HVAC","http://www.barnetthvac.com/","+1 508-863-0625","15 Ridge Hill Rd, Assonet, MA 02702","Assonet",2702,"Massachusetts",4.4,27,1,"ChIJmVV2kyDx5IkRX69TC79IQ6U","✅ Sent"
"armus mechanical","https://armusmech.net/","+1 508-521-9477","143 Main St, Lakeville, MA 02347","Lakeville",2347,"Massachusetts",5,404,1,"ChIJY9XAOzKN5IkREwptoDTQa1M","✅ Sent"
"SDN Group","","+1 973-800-5069","12-67 5th St, Fair Lawn, NJ 07410","Fair Lawn",7410,"New Jersey",5,52,1,"ChIJH707Ms3tPmYRB4m0MnsMidY","✅ Sent"
"Reiner Group, Inc.","https://www.reinerac.com/","+1 201-371-7980","11-07 River Rd, Fair Lawn, NJ 07410","Fair Lawn",7410,"New Jersey",4.9,3155,1,"ChIJB5Xh3aH7wokRPtt-pqtmTDs","✅ Sent"
"Fairlawn Pro Plumbers & Air","http://fairlawnplumbingheatingcoolingnj.com/","+1 201-797-1410","6-05 Saddle River Rd #101, Fair Lawn, NJ 07410","Fair Lawn",7410,"New Jersey",4.3,29,1,"ChIJpxSoRAz7wokRJrigNTywifk","✅ Sent"
"ACE Solutions","https://www.acesolutionsnj.com/%3Futm_source%3Dgoogle%26utm_medium%3Dorganic%26utm_campaign%3Dgbp-profile","+1 201-426-0650","50 Terrace Ave, Hasbrouck Heights, NJ 07604","Hasbrouck Heights",7604,"New Jersey",4.8,115,1,"ChIJmyixVAf5wokR3xXgJjqbE1I","✅ Sent"
"Ideal Climate HVACR","http://idealclimatehvacr.com/","+1 201-865-4773","","",0,"",4.4,16,1,"ChIJTXI9VoJXwokRisn_3OXX-u0","✅ Sent"
"DeAire Heating & Cooling","http://deaireheatingandcooling.com/","+1 786-234-6498","1214 67th St, North Bergen, NJ 07047","North Bergen",7047,"New Jersey",5,15,1,"ChIJbbxJzH6fX60R2P9seFAUdRI","✅ Sent"
"Aeromark Mechanical Inc","https://aeromarknj.com/","+1 973-381-7653","153 Morgan St, Jersey City, NJ 07302","Jersey City",7302,"New Jersey",5,186,1,"ChIJ5cJGWs1RwokRXHF5O3FzsUM","✅ Sent"
"Heights Plumbing, Heating & Cooling","https://heightsplumbingservices.com/","+1 201-245-7772","6-10 Mansfield Dr, Fair Lawn, NJ 07410","Fair Lawn",7410,"New Jersey",4.8,117,1,"ChIJY1UfMi77wokRF7BLYSS3pqc","✅ Sent"
"Intact Plumbing & Heating","http://intactplumbing.com/","+1 201-977-1450","24-06 Broadway, Fair Lawn, NJ 07410","Fair Lawn",7410,"New Jersey",4.9,373,1,"ChIJxfj_IaH7wokR3HArBg8Az0g","✅ Sent"
"Comfort Air Pro Cooling & Heating Llc","","+1 551-331-6553","7519 2nd Ave, North Bergen, NJ 07047","North Bergen",7047,"New Jersey",4.2,5,1,"ChIJ3xokH5_3wokRi5PsEGROKQI","✅ Sent"
"Eco Plumbing Heating & Air Conditioning","https://www.ecoplumbinghvac.com/","+1 201-425-0747","","",0,"",4.8,84,1,"ChIJa3ZuD4xXwokRTIvoUdH84Jo","✅ Sent"
"NJ Masters Plumbing","https://njmastersplumbing.co/","+1 973-934-3832","30-10 Grunstra Pl, Fair Lawn, NJ 07410","Fair Lawn",7410,"New Jersey",4.8,79,1,"ChIJq6pF7Wb7wokRJbPz7S_nqaE","✅ Sent"
"LEO Air Solutions LLC","","+1 201-921-2760","","",0,"",4.5,8,1,"ChIJD_uCX9RZMgERO9bZv0-bapo","✅ Sent"
"Priced Right Plumbing Heating Cooling","https://pricedrightplumbers.com/plumbing/nj/bergen-county/fair-lawn/","+1 201-399-2931","","",0,"",5,8,1,"ChIJUeypGBb7wokRBykfUiSFM_4","✅ Sent"
"National Fedders Air Conditioning","http://nationalfedders.com/","+1 551-365-0128","360 Ocean Ave 2nd floor, Jersey City, NJ 07305","Jersey City",7305,"New Jersey",4.3,6,1,"ChIJJTBMwFNRwokRQjY5kj_4bOA","✅ Sent"
"123 Air NJ","","+1 201-815-5828","","",0,"",0,0,1,"ChIJE4LEkHr8wokRcn0Xqgh24Hc","✅ Sent"
"Central HVAC Repair North Bergen","","+1 201-482-3102","5501 Tonnelle Ave #249, North Bergen, NJ 07047","North Bergen",7047,"New Jersey",5,2,0,"ChIJkeixvzRZwokR9J8F1LQ0QCg","✅ Sent"
"Today Cooling & Heating Jersey","https://hvacsuperiorservices.com/jersey-city-nj/","","498 Ocean Ave #2, Jersey City, NJ 07305","Jersey City",7305,"New Jersey",5,1,0,"ChIJm8TMB1BRwokRXYad7sjWhVY","✅ Sent"
"Shaban, Inc.","","+1 201-902-0500","7100 JFK Blvd E # 7J, Guttenberg, NJ 07093","Guttenberg",7093,"New Jersey",0,0,0,"ChIJj335atr3wokRefVaUKnz3ho","✅ Sent"
"First Class Plumbing & Heating, LLC","","+1 866-945-0573","","",0,"",0,0,1,"ChIJ32T7On77wokRwxBjRpWVmmk","✅ Sent"
"Smart Solutions Contractors","http://www.smartsolutionsnj.com/","+1 201-904-6128","315 3rd St, Jersey City, NJ 07302","Jersey City",7302,"New Jersey",4.6,34,1,"ChIJUxEhuMhVwokRXKpLjvt5N5E","✅ Sent"
"GPH Boiler and Mechanical Services","http://www.gphboiler.com/","+1 973-783-3199","100 Naylon Ave, Livingston, NJ 07039","Livingston",7039,"New Jersey",4.4,7,1,"ChIJWVuD1SOpw4kRGICjipxaOQ0","✅ Sent"
"Super Service Plumbers Heating and Cooling","https://superplumbersnj.com/hoboken/","+1 201-345-5128","","",0,"",4.7,86,1,"ChIJjSGZ9l9XwokRMLp_J5734CQ","✅ Sent"
"American Way Plumbing, Heating & Air Conditioning","https://plumbingheatingcoolingnj.com/service-areas/city-of-jersey-city-nj-plumber-heating-air-conditioning-service-repair-installation/","+1 201-865-4440","","",0,"",4,44,1,"ChIJRXYLcjJXwokRG5ODxCjeunc","✅ Sent"
"adb heating and cooling","","","441 St Pauls Ave, Jersey City, NJ 07306","Jersey City",7306,"New Jersey",0,0,0,"ChIJi-IBeOxXwokRjwwsGvPEVJA","✅ Sent"
"Atlantic Mechanical Contractors of North Jersey","https://atlantic-heatingcooling.com/","+1 973-453-5698","251 Piaget Ave, Clifton, NJ 07011","Clifton",7011,"New Jersey",4.4,58,1,"ChIJj_nkvvH9wokR7UyHIZe2xkg","✅ Sent"
"Hudson Air Conditioning","http://airconditioninghudson.com/","+1 201-558-0558","","",0,"",3,4,1,"ChIJJcBFJ3NYwokRUSsXlwQMqPk","✅ Sent"
"Jersey City Heating & Air Conditioning","","+1 551-201-2688","215 1/2 4th St, Jersey City, NJ 07302","Jersey City",7302,"New Jersey",5,8,1,"ChIJKQ_4LSRXwokR5_xWW1ZH2g8","✅ Sent"
"Bargotti Co. Plumbing & Hvac","https://bargottihvac.com/contact-bargotti-hvac/","+1 201-301-4121","41 Tonnelle Ave, Jersey City, NJ 07306","Jersey City",7306,"New Jersey",4.9,59,1,"ChIJVVWJ0C1XwokRilTpQTh0PpA","✅ Sent"
"Kook & Son, Inc.","https://www.kookandson.com/","+1 201-653-0219","190 Baldwin Ave, Jersey City, NJ 07306","Jersey City",7306,"New Jersey",3,6,1,"ChIJ80ygZlFXwokRkdUviALCm_k","✅ Sent"
"MrCoolsAC Rentals","","","","",0,"",0,0,1,"ChIJOT8PzKmFT0IRQPdAAjuWFsA","✅ Sent"
"Mycsystem","","","527 27th St, Union City, NJ 07087","Union City",7087,"New Jersey",0,0,0,"ChIJbQT-XwBXwokRz1EI7HCdt98","✅ Sent"
"HVAC: Heating & Air Conditioning Jersey City","","+1 551-361-5096","741 Communipaw Ave, Jersey City, NJ 07304","Jersey City",7304,"New Jersey",3.3,12,0,"ChIJq42JADlewokRNzaAvOyms1g","✅ Sent"
"PTAC Installation NYC.","http://ptacinstallationnyc.com/","+1 516-834-2012","","",0,"",5,6,1,"ChIJq-ks4Au6VEwRYe083PmO3wU","✅ Sent"
"Courageous Plumbing & HVAC","http://courageousllc.com/","+1 201-206-4845","","",0,"",3.3,7,1,"ChIJ86wVX7SonqoRgWQZkpZmiDU","✅ Sent"
"Air Crew Heating and Cooling","http://www.aircrewhvacnj.com/","+1 201-772-2004","37 Van Ness Ave, Fairfield, NJ 07004","Fairfield",7004,"New Jersey",5,153,1,"ChIJT8Em82ZMMwwRqxgQJKXcerE","✅ Sent"
"Daikin Applied Solutions Plaza","https://www.daikinapplied.com/","+1 201-395-3750","10 Exchange Pl 21st floor, Jersey City, NJ 07302","Jersey City",7302,"New Jersey",3.7,12,1,"ChIJz_dtdKlQwokR5hlf87YSgWU","✅ Sent"
"Able Mechanical Inc.","","+1 917-970-2659","75 Seabring St, Brooklyn, NY 11231","Brooklyn",11231,"New York",4,1,1,"ChIJs02jiVdbwokR5N4lXWIVjys","✅ Sent"
"AvalAir Cooling Corp","http://www.flatroofingliverpool.shop/","+1 646-649-2510","280 Madison Ave #1101, New York, NY 10016","New York",10016,"New York",5,1,0,"ChIJ-xnG5QBZwokRgA2Y1ApZp2s","✅ Sent"
"LTS Union City HVAC Services","https://www.unioncityheating.com/","+1 201-720-4005","","",0,"",0,0,1,"ChIJYW12jkpZwokRsq4qihTyy0I","✅ Sent"
"Aladdin Plumbing & Mechanical","http://www.aladdinplumbing.com/plumbers-jersey-city-nj/","+1 201-664-7466","729 Bergen Ave, Jersey City, NJ 07306","Jersey City",7306,"New Jersey",4,48,0,"ChIJvzQKpNNQwokRNrKBshtvlJM","✅ Sent"
"MFB Mechanical Corp.","","+1 917-970-9321","45 Seabring St, Brooklyn, NY 11231","Brooklyn",11231,"New York",5,2,1,"ChIJ__8Pc2BawokR8SQpaonLh6A","✅ Sent"
"RLM HVAC contractors LLC","","+1 201-475-2766","","",0,"",0,0,1,"ChIJLVCz2zYMfUoR8fv1Tj-DWMg","✅ Sent"
"Muccia HVAC Company Tenafly","","+1 201-429-0516","","",0,"",0,0,1,"ChIJG1wEnmfxwokROuL7TOdRQw0","✅ Sent"
"Air Control Air Conditioning","","+1 551-291-6046","56 N Summit St, Tenafly, NJ 07670","Tenafly",7670,"New Jersey",4.6,10,1,"ChIJmzdRHerxwokRCIz7ExFr7lA","✅ Sent"
"Rankin Heating & Cooling","https://rankinheatingtenafly.com/","+1 551-344-0553","120 County Rd suite 234, Tenafly, NJ 07670","Tenafly",7670,"New Jersey",5,26,1,"ChIJDyt19srxwokRtgsPtO_PhWE","✅ Sent"
"Katham Industries, Inc. Heating & Air Conditioning","http://kathamindustries.com/","+1 201-569-7192","15 Engle St, Englewood, NJ 07631","Englewood",7631,"New Jersey",4.8,101,1,"ChIJ2fQfORjxwokRRm8arBqk6Yw","✅ Sent"
"PACIFIC HVAC Air conditioner","http://www.pacificairconditioner.com/","+1 201-266-0049","17 E Ivy Ln Apartment 3a, Englewood, NJ 07631","Englewood",7631,"New Jersey",4.9,95,1,"ChIJ1fOR2QnxwokROCPvMuGZN_c","✅ Sent"
"O'Neill Contracting HVAC","https://www.oneillac.com/%3Futm_source%3Dgoogle%26utm_medium%3Dorganic%26utm_campaign%3Dgbp","+1 201-385-6727","232 N Washington Ave, Bergenfield, NJ 07621","Bergenfield",7621,"New Jersey",4.9,396,1,"ChIJQ9AnIjjwwokRYIcPNW2Oqac","✅ Sent"
"Yuhan Heating & Air Conditioning","https://www.yuhanhvac.com/","+1 201-945-9797","108 S Front St, Bergenfield, NJ 07621","Bergenfield",7621,"New Jersey",4.7,464,1,"ChIJN6bVQFvwwokRRcGGEHAJs3A","✅ Sent"
"Jim Moscone Plumbing & Heating","","+1 201-569-3823","50 W Railroad Ave, Tenafly, NJ 07670","Tenafly",7670,"New Jersey",4.5,41,1,"ChIJ9wUlO7_xwokRQYQdmhCLxXQ","✅ Sent"
"Englewood Plumbing Heating Cooling","http://englewoodplumbingheatingcoolingnj.com/","+1 201-569-8400","5 Tenafly Rd #333, Englewood, NJ 07631","Englewood",7631,"New Jersey",4.8,25,1,"ChIJzTZAkR7xwokRX9V_GOT049Q","✅ Sent"
"H&H Services218 LLC.","","+1 218-750-8144","","",0,"",5,1,1,"ChIJ9zcbPatRpVIRawEMGJKs8Bs","✅ Sent"
"North Country Heating Cooling & Refrigeration Inc","https://www.northcountryheatandcool.com/","+1 218-504-4117","118 N 15th Ave W, Virginia, MN 55792","Virginia",55792,"Minnesota",3.1,10,1,"ChIJC53oK-JQpVIR8LrHEjySh50","✅ Sent"
"Comfort Plus","https://m.facebook.com/comfortplusmn","+1 218-969-2351","1402 11th St S, Virginia, MN 55792","Virginia",55792,"Minnesota",5,1,1,"ChIJY1k7RCFRpVIR79Vhy0Z0EPY","✅ Sent"
"LaFavor Heating LLC","https://www.lafavorheating.com/","+1 218-929-1335","12660 W Swan River Dr, Kelly Lake, MN 55746","Kelly Lake",55746,"Minnesota",5,3,0,"ChIJqdsnvrpysFIRB8d34FLxZ-4","✅ Sent"
"After Hours Heating & Cooling LLC","https://www.afterhoursheating.com/","+1 218-390-6417","","",0,"",5,2,1,"ChIJ6XMdnyVGP2MR5o5ptiVI_Kg","✅ Sent"
"Johnson’s Heating and A/C LLC","","+1 218-929-7194","S Pintar Rd, Hibbing, MN 55746","Hibbing",55746,"Minnesota",5,13,1,"ChIJ9yJgoDgLsFIRf0CCeMq0rEY","✅ Sent"
"Mesaba Heating & Air Conditioning","https://www.mesabaheating.com/%3Futm_source%3Dgoogle-gbp%26utm_medium%3Dorganic%26utm_campaign%3D*426*mesaba-hibbing","+1 218-208-0775","405 E 41st St, Hibbing, MN 55746","Hibbing",55746,"Minnesota",4.9,432,1,"ChIJMZ6AvPcJsFIRoBWPX5I9dA4","✅ Sent"
"Warwas Heating & Cooling","https://warwasheatingandcooling.com/","+1 218-969-0684","","",0,"",4.9,15,1,"ChIJi08FUiTf-CwR_bOO2sDN4-Y","✅ Sent"
"Integrity Mechanical Services LLC","http://integritymechanicalservices.com/","+1 218-341-5308","","",0,"",5,11,1,"ChIJhQCd5I7xrlIR1hb8HM15cVk","✅ Sent"
"Dynamic Heating & Air LLC","","+1 715-969-8050","","",0,"",5,1,1,"ChIJ50GvGJ6xUCwRSuGY_nbnG4U","✅ Sent"
"Mallard Mechanical","https://mymallardmechanical.com/","+1 320-629-9922","","",0,"",4.9,62,1,"ChIJaf3aODToa24RtsPzFt4TclM","✅ Sent"
"Fire & Ice Heating & Cooling LLC","","+1 320-390-0730","","",0,"",5,3,1,"ChIJRX7Uh3lG7IcR1rIjV6Vchp4","✅ Sent"
"Hometown Heating and Cooling","https://www.hometownacehvac.com/","+1 218-460-0352","40 Arrowhead Ln Suite 100, Moose Lake, MN 55767","Moose Lake",55767,"Minnesota",5,2,1,"ChIJz9eenkLpsVIRMfsjr3B3BEE","✅ Sent"
"Quail Services, LLC","https://www.quailservicesllc.com/%3Futm_source%3Dgoogle%26utm_medium%3Dbusiness_profile%26utm_campaign%3Dwebsite","+1 218-576-4900","","",0,"",5,17,1,"ChIJcY-BWc7k4qcRKKH5zCJvYNU","✅ Sent"
"Northern Plumbing & Air LLC","","+1 218-966-3272","","",0,"",0,0,1,"ChIJJyACJ1iA2ioRidbaZUmYxGc","✅ Sent"
"Kane Heating & Air Conditioning","","+1 218-565-2057","","",0,"",5,4,1,"ChIJCSQL3caa9osR1JlWGOrR4ZY","✅ Sent"
"J and J Mechanical LLC","","+1 612-772-7429","","",0,"",5,2,1,"ChIJr_QDENKjvYsR8npRo7kxEZg","✅ Sent"
"Polar Heating & Cooling LLC","","+1 218-256-8306","","",0,"",0,0,1,"ChIJLZe4TYdbsFIRmd3yLGtfLWM","✅ Sent"
"Independence Heating & Cooling","http://independencehtg.wix.com/independencehtg","+1 218-729-3498","6505 Industrial Rd, Saginaw, MN 55779","Saginaw",55779,"Minnesota",5,6,1,"ChIJkeUnL0bJr1IR9j-1T9kGC08","✅ Sent"
"Nistler Plumbing & Heating","https://www.npandh.com/%3Futm_source%3Dgoogle%26utm_medium%3Dorganic%26utm_campaign%3Dgbp","+1 218-768-3777","3 S Maddy St, McGregor, MN 55760","McGregor",55760,"Minnesota",4.9,213,1,"ChIJv-fO8OsFsVIR5KvxugP3y00","✅ Sent"
"Randall's Heating & Cooling, Inc.","http://randallsheating.com/","+1 218-879-4886","2901 Helm St, Duluth, MN 55806","Duluth",55806,"Minnesota",4.3,6,1,"ChIJE9iEQBIurlIR4pQdUzfl4Qk","✅ Sent"
"North Star Heating & Cooling","https://www.northstarheatingairconditioning.com/","+1 218-206-8852","429 Arrowhead Ln, Moose Lake, MN 55767","Moose Lake",55767,"Minnesota",5,1,1,"ChIJBUByzkHpsVIRNx83-IXNVmw","✅ Sent"
"Mr Furnace LLC Heating & Air Conditioning","","+1 218-328-6145","5 US-2, Cohasset, MN 55721","Cohasset",55721,"Minnesota",3.1,22,1,"ChIJewrLGsWbsFIRCQRsvYxyMHc","✅ Sent"
"Elite Heating and Cooling","http://eliteheatingcoolingmn.com/","+1 218-328-4633","","",0,"",4.9,50,1,"ChIJUVwre-BGlIMRc8vJ0uELkdI","✅ Sent"
"Red's Heating & Cooling L.L.C","https://redsheatingandcool.wixsite.com/redsheatingcoolingll","+1 218-330-0530","7182 Co Rd 2, Fort Ripley, MN 56449","Fort Ripley",56449,"Minnesota",5,19,1,"ChIJM8RD25evM6cR4jbYP2PJlm8","✅ Sent"
"Hanni's Plumbing & Heating","","+1 218-768-2158","295 S Main St, Tamarack, MN 55787","Tamarack",55787,"Minnesota",5,16,0,"ChIJpytCuMKvsVIRJ7JrQBJz9gE","✅ Sent"
"Arrowhead Mechanical Inc","","+1 218-591-9591","618 Laurel St, Cloquet, MN 55720","Cloquet",55720,"Minnesota",5,2,1,"ChIJqdhQeXYurlIRNZE-aZ2h-MU","✅ Sent"
"Northland Comfort Heating & Cooling","http://www.northlandcomfort.com/","+1 218-729-6505","","",0,"",4.6,46,1,"ChIJw9YXiEW1r1IRAU62O551jaU","✅ Sent"
"Brent's Heating & Cooling","https://www.brentshvac.com/","+1 218-390-1479","201 Chestnut Ave, Carlton, MN 55718","Carlton",55718,"Minnesota",4.7,95,1,"ChIJ0SOBd8cmrlIR5WlxTcg_dDw","✅ Sent"
"D & E Heating, Air Conditioning & Refrigeration","http://deheatingcooling.com/","+1 320-384-0066","302 Power Ave N, Hinckley, MN 55037","Hinckley",55037,"Minnesota",4.6,27,1,"ChIJb7JW8vLxsVIRx02ZuXQ4h3w","✅ Sent"
"Northland Air","https://www.northlandair.biz/","+1 760-718-8777","","",0,"",5,45,1,"ChIJwb3aCySJtG0RhW8_y_0y1ZI","✅ Sent"
"Heisel Brothers","http://heiselbros.com/","+1 218-741-8381","801 N 6th Ave W, Virginia, MN 55792","Virginia",55792,"Minnesota",2.8,17,1,"ChIJpbOEpe1QpVIRNqKJJnfpNj0","✅ Sent"
"Lakeside Heating and Air Conditioning","https://www.lakesidesuperior.com/","+1 715-817-6442","","",0,"",4.9,28,1,"ChIJk7AV8HonNaAR8V7fbwzSHIk","✅ Sent"
"Wright Furnace & Duct Cleaning-","http://wrightductsmn.com/","+1 612-730-2650","","",0,"",5,17,1,"ChIJTUflYMJds1IRHT-ePRUZoQE","✅ Sent"
"Carlson Duluth Company","http://carlsonduluth.com/","+1 218-741-2130","101 Dakota Ave E, Gilbert, MN 55741","Gilbert",55741,"Minnesota",0,0,1,"ChIJj417XXhZpVIRLbNOMAE8ZCQ","✅ Sent"
"TOH Heating and Cooling LLC","","+1 218-429-2022","","",0,"",5,1,1,"ChIJkSt0VCEpMmsROEpw5iFx0f4","✅ Sent"
"Efficient Energy Services","http://www.efficientenergyservice.com/","+1 320-289-4027","","",0,"",5,3,1,"ChIJE5KF0XdIslIRiUNMIOOBvDM","✅ Sent"
"Advantage AIR Heating & A/C","https://advantageair-hvac.com/","+1 320-616-1282","7951 Sage Rd, Hillman, MN 56338","Hillman",56338,"Minnesota",5,11,1,"ChIJ-fYqu2r1s1IRDlCgPxiI1hA","✅ Sent"
"Range Cornice Heating & Sheet Metal Inc","","+1 218-262-4581","2217 4th Ave W #19, Hibbing, MN 55746","Hibbing",55746,"Minnesota",5,2,1,"ChIJu3GOYbGgulIRX9pgj4ICV2k","✅ Sent"
"NotUHL HVAC Contracting","https://www.notuhl.com/%3Futm_source%3Dgoogle%26utm_medium%3Dwix_google_business_profile%26utm_campaign%3D11995151745919280603","+1 218-940-1151","","",0,"",0,0,1,"ChIJMVLM43S6PmIRsdutHSMOM1Y","✅ Sent"
"Region Air Light Power & Heating","","+1 218-389-6030","Barnum, MN 55707","Barnum",55707,"Minnesota",5,3,0,"ChIJK8mn6-fdsVIR8yRX1SyYIdE","✅ Sent"
"Dabill Mechanical","","+1 218-820-7682","15798 Co Rd 36, Crosslake, MN 56442","Crosslake",56442,"Minnesota",5,26,1,"ChIJCxgwl3BNj00Rc_bCw86mIQ0","✅ Sent"
"All Season Heating & Cooling","","+1 218-966-3141","1419 14th St, Cloquet, MN 55720","Cloquet",55720,"Minnesota",5,1,1,"ChIJ9WFZhbgvrlIR7dRC4IeCQMY","✅ Sent"
"Design Heating, LLC","http://www.designheating.net/","+1 218-525-5914","5131 Washburn Rd, Duluth, MN 55803","Duluth",55803,"Minnesota",4.9,99,1,"ChIJo21SqOOrr1IRwn3er0I_IVI","✅ Sent"
"Homme Heating & Mechanical","","+1 218-348-9655","","",0,"",0,0,1,"ChIJ-9TG_Q2bXYIR_GMgRF_EbiM","✅ Sent"
"NorthStar Heating & Air Conditioning","https://www.northstarservices.com/","+1 218-208-4511","301 S Central Ave, Duluth, MN 55807","Duluth",55807,"Minnesota",4.8,336,1,"ChIJA1doPiZMrlIRrsA7XQIX8AQ","✅ Sent"
"Al's A/C & Heating, LLC","","+1 218-821-2814","2709 Co. 1 S.W, Pine River, MN 56474","Pine River",56474,"MN",4.7,20,1,"ChIJHRZbO6rhtlIR_KcWaqkg03Y","✅ Sent"
"Letourneau Heating & Refrigeration LLC","","+1 218-391-6168","202 E 8th St, Duluth, MN 55805","Duluth",55805,"Minnesota",5,1,1,"ChIJIdvhij9TrlIRlG524BiVSxs","✅ Sent"
"Tim Johnson Heating and Air Conditioning","http://timjohnsonhvac.com/","+1 651-235-7826","9444 Hames Ave S, Cottage Grove, MN 55016","Cottage Grove",55016,"Minnesota",5,19,1,"ChIJF8RJLF_R94cRkbRQc-EagEk","✅ Sent"
"Dryke Plumbing & Heating Inc.","","+1 218-590-2003","","",0,"",2.9,12,1,"ChIJ4wwDoJ1SrlIR4MZj6eRlvms","✅ Sent"
"Arctic Heating & Cooling LLC","https://www.rapidshvac.com/","+1 218-999-0036","415 NW 8th Ave suite a, Grand Rapids, MN 55744","Grand Rapids",55744,"Minnesota",4.9,70,1,"ChIJkXuStwuRsFIRNjdlBc18Teg","✅ Sent"
"Trout Lake Heating and Cooling LLC","","+1 218-256-9153","25682 Alder Dr, Bovey, MN 55709","Bovey",55709,"Minnesota",5,11,1,"ChIJTeHsB-OHsFIRsWkTApCLBO0","✅ Sent"
"Scott Mechanical llc","","+1 218-341-6879","5746 N Cloquet Rd, Duluth, MN 55810","Duluth",55810,"Minnesota",5,1,1,"ChIJp5IorA81rlIRY7VAIcWf6V0","✅ Sent"
"TruTemp Heating and Cooling LLC","http://www.trutempheatingandcooling.com/","+1 218-451-4677","9 Hillside Rd, Esko, MN 55733","Esko",55733,"Minnesota",4.4,38,1,"ChIJw64ly3cxrlIRPmpsvfRnE40","✅ Sent"
"Prestige - Plumbing, Heating & Cooling","https://prestigeplumbingcooling.com/","+1 218-800-7584","","",0,"",5,3,1,"ChIJtcjhkvNHVwoRbh0sbjoPe_w","✅ Sent"
"Krause Heating & Cooling","https://www.krauseheating.com/%3Futm_source%3DGoogle%26utm_medium%3DGMB","+1 218-722-6354","2020 W 1st St, Duluth, MN 55806","Duluth",55806,"Minnesota",4.9,77,1,"ChIJ6bZWaHhNrlIRCR1-HVfIxWI","✅ Sent"
"LāKō Heating & Air LLC","https://brand.page/lakohvac","+1 218-587-1087","2269 Kalli Ln SW, Pine River, MN 56474","Pine River",56474,"Minnesota",5,21,1,"ChIJsxiyU8ThtlIRvKd4kD_W-v4","✅ Sent"
"Aire Serv of Northeastern Minnesota","https://www.aireserv.com/ne-minnesota/%3Fcid%3DLSTL_ASV-US000187%26utm_source%3Dgmb%26utm_campaign%3Dlocal%26utm_medium%3Dorganic","+1 218-451-4055","1303 MN-45, Cloquet, MN 55720","Cloquet",55720,"Minnesota",4.8,392,1,"ChIJsVSp-rsxrlIRKkuaxGs5e1Q","✅ Sent"
"Custom Mechanical & Sheet metal LLC","https://custommechanicalusa.com/","+1 218-821-1068","12700 Persimmon Dr, Baxter, MN 56425","Baxter",56425,"Minnesota",5,56,1,"ChIJlYLmdoi9tlIRAALOY19tthc","✅ Sent"
"Dale's Heating & Appliance LLC.","http://dalesheatingandappliance.com/","+1 320-629-3531","815 Main St S, Pine City, MN 55063","Pine City",55063,"Minnesota",4.8,215,1,"ChIJKxeZKeRGslIRKKidSaRwyH4","✅ Sent"
"Crosslake Sheet Metal Heating and Air Conditioning","https://www.crosslakesheetmetal.com/heating-and-cooling/","+1 218-692-2177","33735 Co Rd 3, Crosslake, MN 56442","Crosslake",56442,"Minnesota",4.9,700,1,"ChIJxXtFlfDQtlIR5LCtDuM6pE0","✅ Sent"
"Elite Cool and Heat","https://elitecoolandheat.com/","+1 218-270-0541","5805 36th St SW, Pine River, MN 56474","Pine River",56474,"Minnesota",5,22,1,"ChIJTbtokbvjtlIR8ZXQIboGTkM","✅ Sent"
"CL Mechanical LLC","","+1 218-966-6118","","",0,"",0,0,1,"ChIJAR6yonSmulIRtmyY94FqeLI","✅ Sent"
"Heatwave Heating & Air Conditioning","","+1 218-764-3324","","",0,"",0,0,1,"ChIJ5ZcoA6-ztlIRvrVvawxfNYk","✅ Sent"
"Prestige - Plumbing, Heating & Cooling","https://www.prestigeplumbingcooling.com/","+1 218-800-7667","","",0,"",4.8,53,1,"ChIJg4P_x-HiO2kRPLT30ExOk6Q","✅ Sent"
"Ken’s Heating & Mobile Home Supply","","+1 218-821-6720","42281 290th St, Aitkin, MN 56431","Aitkin",56431,"Minnesota",4.4,20,1,"ChIJWQdu2qBHsVIRSDligER9nJg","✅ Sent"
"Lake Shore Heating and Cooling","https://www.lakeshoreheatingandcooling.com/","+1 218-656-0177","7908 Co Rd 78, Nisswa, MN 56468","Nisswa",56468,"Minnesota",5,233,1,"ChIJjRbs3MPDtlIR9i2BLZ28cMg","✅ Sent"
"Super Duper Plumbing and Heating","https://superdupermn.com/","+1 218-203-5151","","",0,"",5,7,1,"ChIJdcgo8-nEhKURELxEOhK4Cas","✅ Sent"
"MMT Heating & Cooling","http://www.mmtheating.com/%3Futm_source%3DPRIME%26utm_medium%3DPLSN%26utm_id%3DPrime%2BLocal%2BSearch%26y_source%3D1_MzA0MzA3Ny03MTUtbG9jYXRpb24ud2Vic2l0ZQ%253D%253D","+1 218-729-1585","5501 Miller Trunk Hwy, Duluth, MN 55811","Duluth",55811,"Minnesota",4.7,27,1,"ChIJnxwLaKa1r1IRpzEuupP19YU","✅ Sent"
"Mike's Heating And Sheet Metal LLC","","+1 218-263-6129","2318 1st Ave, Hibbing, MN 55746","Hibbing",55746,"Minnesota",3.6,11,1,"ChIJc0yO3bKgulIRphfNdzSA8sA","✅ Sent"
"CB Mechanical, LLC","http://www.cbmechanical.net/","+1 763-439-5763","15658 150th Ave, Foreston, MN 56330","Foreston",56330,"Minnesota",4.4,31,1,"ChIJIX7YH9GNs1IRm9K2xXzPRtw","✅ Sent"
"D G Solem & Sons","http://dgsolem.com/","+1 218-525-3123","5102 1/2, 5102 Dodge St, Duluth, MN 55804","Duluth",55804,"Minnesota",5,11,1,"ChIJdfci4jGvr1IRwI6oz8fCtPE","✅ Sent"
"Advantage Air Plumbing, Heating and Cooling","https://advantageairheatingandcooling.com/","+1 715-227-5297","1808 Tower Ave, Superior, WI 54880","Superior",54880,"Wisconsin",4.4,125,1,"ChIJCd_fpeVRrlIRU_YqYi2dF60","✅ Sent"
"Prime Build & Comfort","","+1 774-417-0596","21 Willard Ave, Whitman, MA 02382","Whitman",2382,"Massachusetts",5,9,1,"ChIJz5vl3YWb5IkRPTjFr40-ZzU","✅ Sent"
"All-Weather Heating and Cooling","","+1 781-226-3243","50 Raynor Ave, Whitman, MA 02382","Whitman",2382,"Massachusetts",4.9,9,1,"ChIJ1TLNI_qb5IkRXxpExJjyJwE","✅ Sent"
"Regional HVAC","http://www.regionalhvacinc.com/","+1 978-836-4822","","",0,"",5,4,1,"ChIJixLSMM70vKMRx73IbQ_Sd28","✅ Sent"
"B and E Mechanical","","+1 781-524-1511","63 Webster St, Whitman, MA 02382","Whitman",2382,"Massachusetts",5,5,1,"ChIJG-pN5nmb5IkR_qGY9Ojlo9Y","✅ Sent"
"South Shore Mechanical","https://www.south-shore-mechanical.com/%3Futm_source%3Dorganic%26utm_medium%3Dgbp_listing","+1 508-631-9609","1143 Bedford St, Abington, MA 02351","Abington",2351,"Massachusetts",4.9,38,1,"ChIJ9-JK4smd5IkRfgQHkGc5iCU","✅ Sent"
"MWD Heating and Air Conditioning","http://www.callmwd.com/","+1 857-333-1605","217 Centre Ave, Abington, MA 02351","Abington",2351,"Massachusetts",4.9,149,1,"ChIJOW6Ggd5opgIRktNVFVo2wQQ","✅ Sent"
"Harbormen Heating & Cooling LLC","https://harbormenhvac.com/","+1 781-408-0499","60 Crescent St, East Bridgewater, MA 02333","East Bridgewater",2333,"Massachusetts",5,12,1,"ChIJ-8HSut6b5IkRiycAKw8zvXs","✅ Sent"
"Mckeon Plumbing And Heating","","+1 617-997-3197","","",0,"",4.7,14,1,"ChIJwRzz4jG0CUIREb7X-REaZ6c","✅ Sent"
"McClaren Heating & Air Conditioning, Inc.","https://mcclarenhvac.net/","+1 781-447-0136","582 Oak St, East Bridgewater, MA 02333","East Bridgewater",2333,"Massachusetts",4.9,609,1,"ChIJO2srKIeZ5IkREzzrRVu-Sac","✅ Sent"
"BAC HVAC","","+1 781-217-8499","1232 Whitman St, Hanson, MA 02341","Hanson",2341,"Massachusetts",5,1,1,"ChIJ49C0fmCZ5IkRHm0h1-RQiO8","✅ Sent"
"Quality Home Heating & Air","http://qualityhomeheating.net/","+1 508-298-3170","530 Spring St #4, East Bridgewater, MA 02333","East Bridgewater",2333,"Massachusetts",4.9,127,1,"ChIJZ4W5ZQGQpQYRjrdV9H3raFg","✅ Sent"
"Accurate LLC","http://accuratehvacservice.com/","+1 617-990-7190","5 Millhouse Ave, Randolph, MA 02368","Randolph",2368,"Massachusetts",4.8,149,1,"ChIJ_UKAuXOD5IkRnyRalUbC-gw","✅ Sent"
"HIM Mechanical Systems, Inc.","http://him-mechanical.com/","+1 508-697-5000","2, 1070, 90 1st St, Bridgewater, MA 02324","Bridgewater",2324,"MA",5,15,1,"ChIJvRB_BA2O5IkRc3hInizz10I","✅ Sent"
"HL Bowman Inc Plumbing Heating & AC","https://hlbowman.com/locations/","+1 617-207-7075","45 Johnson Ln, Braintree, MA 02184","Braintree",2184,"Massachusetts",4.8,1006,1,"ChIJ5wijtCKD44kRvuyCwXa1_wE","✅ Sent"
"Bucca Fix, LLC","https://www.buccafix.com/","+1 781-975-0713","295 Winter St #24, Hanover, MA 02339","Hanover",2339,"Massachusetts",5,142,1,"ChIJb3-b2wCd5IkRxRKQJExJ_tw","✅ Sent"
"Climate Engineering","https://www.climateengineeringma.com/","+1 781-871-4526","26 Jean Carol Rd, Abington, MA 02351","Abington",2351,"Massachusetts",3.9,15,1,"ChIJAY96zgic5IkRmHfNtfu_KBE","✅ Sent"
"Climate Concepts Service Contractors, Inc.","http://www.climateconceptsinc.com/","+1 508-880-8877","","",0,"",4.8,42,1,"ChIJb3ptW8D05IkRSiZ2qHATyxI","✅ Sent"
"Aspinwall Baystate Plumbing, Heating, Air Conditioning","https://www.aspinwallplumbing.com/","+1 617-539-7672","400 Libbey Pkwy, Weymouth, MA 02189","Weymouth",2189,"Massachusetts",4.8,924,1,"ChIJbWWRT2xj44kRTCZM6AKcS8o","✅ Sent"
"New England Ductless","https://newenglandductless.com/%3Futm_source%3Dgoogle%26utm_medium%3Dorganic%26utm_campaign%3Dgmb","+1 617-644-4692","267 Libbey Pkwy Suite B, Weymouth, MA 02189","Weymouth",2189,"Massachusetts",4.8,722,1,"ChIJm5bPEEV844kRUUTipMUWSUA","✅ Sent"
"DUDA ENTERPRISES","","+1 781-963-4457","21 Juniper Rd, Holbrook, MA 02343","Holbrook",2343,"Massachusetts",4.8,28,1,"ChIJe9DCTPyC5IkRXLft7lwNDO0","✅ Sent"
"Getchell & Son Inc","","+1 781-447-3736","525 Washington St, Whitman, MA 02382","Whitman",2382,"Massachusetts",5,1,0,"ChIJHQSmqr6b5IkRv3Z5y0-r8lc","✅ Sent"
"B.A.C. HVAC LLC","","+1 781-217-8499","","",0,"",4.4,8,1,"ChIJ49CpgY6Z5IkRFhVEq5ZErMU","✅ Sent"
"DependableAirSolutions","http://www.dependableairsolutions.com/","+1 857-243-7253","19 Hunt St #14, Weymouth, MA 02188","Weymouth",2188,"Massachusetts",4.8,44,1,"ChIJle3nQfpi44kRSDTlnSUY1Kk","✅ Sent"
"Affordable Heating & AC LLC","https://www.affordablehvacmass.com/","+1 781-583-1268","21 Chestnut Rd, Pembroke, MA 02359","Pembroke",2359,"Massachusetts",4.8,354,1,"ChIJCYwG612i5IkRZLFlzfKfK6Y","✅ Sent"
"Ingram","https://ingramacpalosverdes.com/","+1 774-272-8654","101 Main St suite 927, North Easton, MA 02356","North Easton",2356,"Massachusetts",5,17,1,"ChIJ34CANJiH5IkRapHYafVSxcc","✅ Sent"
"Harborside Heating and Cooling, LLC","http://www.harborsidehvac.com/","+1 781-887-2450","30 Corporate Park Dr #200, Pembroke, MA 02359","Pembroke",2359,"Massachusetts",5,38,1,"ChIJ_aDj9GOieCMRiaz7GGMC3ZI","✅ Sent"
"United Brothers","https://www.unitedbrothershvac.com/","+1 774-265-5883","","",0,"",4.7,15,1,"ChIJ324cuNCF5IkRUmK39trjmz0","✅ Sent"
"Krause Heating & Cooling LLC","https://www.krauseheatingcooling.com/","+1 781-204-4502","","",0,"",5,7,1,"ChIJB2Lcsc7O_wMRpRBKICB6uV8","✅ Sent"
"Riley and Sons Heating and Air, LLC","http://www.rileyandsonshvacr.com/","+1 781-635-8715","300 High St, Hanson, MA 02341","Hanson",2341,"Massachusetts",5,10,1,"ChIJO4jcSb6_jK0RDUjy9m5q3EI","✅ Sent"
"Pedranti Mechanical LLC","https://pedrantimechanical.net/","+1 774-274-7299","","",0,"",5,21,1,"ChIJh_L_DiOXI0QRFujrGtUXQNY","✅ Sent"
"Franey Refrigeration & AC","","+1 781-878-8554","131 Centre Ave #1, Abington, MA 02351","Abington",2351,"Massachusetts",5,4,0,"ChIJF5aR53ac5IkRUkSZ0zEqmuw","✅ Sent"
"Anything HVAC","https://www.4anythinghvac.com/","+1 844-269-4822","","",0,"",4.6,10,1,"ChIJG9zqmSVoVGIRcBQVlNPz5lc","✅ Sent"
"Bay City Mechanical Inc.","http://baycitymechanical.com/","+1 781-436-2176","","",0,"",5,3,1,"ChIJIUnxjEGF5IkR0IANs_LoReQ","✅ Sent"
"Efficiency Plumbing, Heating & Air","https://www.efficiencypr.com/%3Futm_source%3Dgoogle%26utm_medium%3Dorganic%26utm_campaign%3DGMBListing-Hanover-MA","+1 781-775-5014","50 B St Unit A, Hanover, MA 02339","Hanover",2339,"Massachusetts",4.9,121,1,"ChIJ7X9MN1t744kRaQfwXk8df6Y","✅ Sent"
"Tech Cepheus LLC","https://www.techcepheus.com/","+1 754-232-0026","","",0,"",5,12,1,"ChIJk_41SrMh0qMRww9nR_4jsqI","✅ Sent"
"Superior Service","https://superioracservice.com/brockton-ma/","+1 508-436-2469","88 Lincoln St #658, Brockton, MA 02302","Brockton",2302,"Massachusetts",5,33,1,"ChIJW6sjxPiF5IkRFPQE-slFZ2s","✅ Sent"
"J. W. HVAC","http://www.jwhvacserviceandrepair.com/","+1 857-919-8510","339 Rockland St, Brockton, MA 02301","Brockton",2301,"Massachusetts",5,152,1,"ChIJ0wPec6B-44kRj7hVTkVaglQ","✅ Sent"
"Mass State Plumbing, Heating & Air Conditioning","https://www.msphac.com/","+1 888-822-1301","1272 Main St Building 7, Unit 4, Hanson, MA 02341","Hanson",2341,"Massachusetts",5,14,1,"ChIJUZAPcCOf5IkR7YOOhdyrFx4","✅ Sent"
"C & S Refrigeration Inc","http://cshvacr.com/","+1 781-447-9140","1280 Main St Unit B1, Hanson, MA 02341","Hanson",2341,"Massachusetts",5,3,1,"ChIJq7xV2IaZ5IkRg7aWWuRoioI","✅ Sent"
"A Valley AC and Heat- Refrigeration LLC","","+1 781-974-9909","36 Industrial Blvd, Hanson, MA 02341","Hanson",2341,"Massachusetts",3.7,6,0,"ChIJg55kAPaZ5IkRBr5etgaWeb8","✅ Sent"
"Brockton HVAC Repair Pros","","+1 508-972-7034","335 Main St, Brockton, MA 02301","Brockton",2301,"Massachusetts",5,1,1,"ChIJVViknAQ1joAREMkMAiPpZyg","✅ Sent"
"Blanchard Electric Inc","http://www.blanchardelectricinc.com/","+1 781-447-5122","10 Buckley Ave # 5, Whitman, MA 02382","Whitman",2382,"Massachusetts",4.9,24,1,"ChIJhSUIXqOb5IkRdTbR03kpIlc","✅ Sent"
"Colonial Mechanical Heating & Air Conditioning","","+1 339-987-1087","","",0,"",3.9,7,1,"ChIJq6reCiqd5IkRDgdCPCoaDnY","✅ Sent"
"United Inc","http://united-hvac.com/","+1 781-871-1060","333 Weymouth St, Rockland, MA 02370","Rockland",2370,"Massachusetts",5,5,1,"ChIJM72vleOd5IkRmBDFqvlJ8Kg","✅ Sent"
"A J Lyne Ltd","http://www.ajlyne.com/","+1 781-982-9981","959 Hancock St, Abington, MA 02351","Abington",2351,"Massachusetts",5,1,0,"ChIJ4VtDKeqc5IkRM-XdLx-FzY8","✅ Sent"
"Cobra","http://www.cobrahvac.com/","+1 781-875-1494","675 Warren Ave, Brockton, MA 02301","Brockton",2301,"Massachusetts",5,3,1,"ChIJ3xXedSOF5IkRIOslMrYVb6k","✅ Sent"
"Barbosa :HVAC/R INSTALL AND SERVICE","","+1 508-271-5172","","",0,"",5,7,1,"ChIJqV32P2yJkg4RssS3hjhim3E","✅ Sent"
"PJ Mechanical LLC","http://www.pjhvac.com/","+1 617-770-9518","727 Washington St, Weymouth, MA 02188","Weymouth",2188,"Massachusetts",5,65,1,"ChIJ40HQvhdi44kRwA91i8YCxek","✅ Sent"
"Platinum HVAC","http://www.platinumhvacs.com/","+1 781-424-7276","","",0,"",5,12,1,"ChIJuyqaisew7GIRtz4udgI1Dlc","✅ Sent"
"Mann Mechanical HVAC","","+1 508-400-7769","","",0,"",5,7,1,"ChIJkePsI0ST5IkRmvQ3OyCXxoA","✅ Sent"
"The Ledges heating, and AC services","","+1 617-281-7703","","",0,"",5,2,1,"ChIJZcGNaPJe44kRP0-7EEx9OPk","✅ Sent"
"nickerson mechanical service","","+1 508-456-4793","612 Plymouth St Unit# 2, East Bridgewater, MA 02333","East Bridgewater",2333,"Massachusetts",5,4,0,"ChIJQyqVUaOR5IkRJtWPyrHFcD4","✅ Sent"
"Heating & AC","","","74 Ames St, Brockton, MA 02302","Brockton",2302,"Massachusetts",5,1,0,"ChIJZTf3ZrmE5IkRDnSzzNdlUqI","✅ Sent"
"Paiva Heating & Air Conditioning, Inc","http://www.paiva-hvac.com/","+1 508-586-5202","865 Bedford St Rear #2B, Bridgewater, MA 02324","Bridgewater",2324,"Massachusetts",5,1,1,"ChIJU1Vm9XeF5IkRYRzE78E-nPA","✅ Sent"
"Seely Plumbing","http://www.seelynh.com/","+1 603-279-6638","16c Annalee Pl, Meredith, NH 03253","Meredith",3253,"New Hampshire",3.5,8,0,"ChIJ8WRCeNxHs0wRs2zT3q7pkHw","✅ Sent"
"Wicked Cool Mechanical","https://wickedcoolmech.com/","+1 603-524-0445","1 Burton Dr unit 4, Meredith, NH 03253","Meredith",3253,"New Hampshire",4.4,7,1,"ChIJd3cwbXYzs0wR1LLQQSicexo","✅ Sent"
"J Costa Plumbing & Heating","","+1 603-279-4821","119 Daniel Webster Hwy, Meredith, NH 03253","Meredith",3253,"New Hampshire",5,1,0,"ChIJI_fRO-VHs0wR65Lz8WCaGzk","✅ Sent"
"Minute-Man Plumbing & Heating","https://minutemannh.com/","","420 Daniel Webster Hwy, Meredith, NH 03253","Meredith",3253,"New Hampshire",5,1,0,"ChIJm8WD7wFHs0wRF9w7G2YdI34","✅ Sent"
"Lakes Region Heating and Air Conditioning","https://www.lrhvac.com/%3Futm_source%3Dgmb%26utm_medium%3Dorganic%26utm_campaign%3Dlisting","+1 603-286-2290","86 Bay Hill Rd, Northfield, NH 03276","Northfield",3276,"New Hampshire",4.8,31,1,"ChIJ2-Hv17R04okREWXj2VCHYi8","✅ Sent"
"Minuteman Plumbing & Heating","http://minutemannh.com/","+1 603-279-3323","119 Daniel Webster Hwy, Meredith, NH 03253","Meredith",3253,"New Hampshire",4.1,12,0,"ChIJ_btXnVdIs0wREpgWvWV4bEE","✅ Sent"
"DeWolfe Plumbing, Heating & Cooling","https://www.dewolfecontracting.com/%3Futm_source%3Dgoogle%26utm_medium%3Dorganic%26utm_campaign%3DGMBListing-West-Boylston-MA","+1 508-433-0403","211 Shrewsbury St, West Boylston, MA 01583","West Boylston",1583,"Massachusetts",4.8,693,1,"ChIJK65WKHb444kRx4LAcGqM6Ck","✅ Sent"
"H M Green Solutions Inc","http://www.hmgreensolutions.com/","+1 508-835-4133","120 Worcester St, West Boylston, MA 01583","West Boylston",1583,"Massachusetts",5,1,0,"ChIJBX-_dsv544kRa6142HvBfwE","✅ Sent"
"The Comfort Specialists","https://tcs-ma.com/","+1 978-828-0157","","",0,"",5,38,1,"ChIJ47lXTiYZO0cRWRqDJZJr52Y","✅ Sent"
"Country Mechanical Inc","","+1 218-747-2909","","",0,"",5,4,1,"ChIJeXV7zo6JyVIRzsK6fvcM6k8","✅ Sent"
"Aire Serv of Lakes Country","https://www.aireserv.com/lakes-country/%3Fcid%3DLSTL_ASV-US000187%26utm_source%3Dgmb%26utm_campaign%3Dlocal%26utm_medium%3Dorganic","+1 218-631-8917","542 W Main St, Perham, MN 56573","Perham",56573,"Minnesota",4.9,422,1,"ChIJfdBO-mvOyVIRgyVZgjO01v0","✅ Sent"
"All Seasons Heating and Air Conditioning LLC","http://www.allseasonsottertail.com/","+1 218-367-3300","216 Main St, Ottertail, MN 56571","Ottertail",56571,"Minnesota",5,16,1,"ChIJJ3O34zPDyVIRAgXB0OU58nk","✅ Sent"
"Metal Dynamics LLC","","+1 701-866-9158","3254 110th St, Rothsay, MN 56579","Rothsay",56579,"MN",5,3,0,"ChIJCV7_AR0dyVIR4u6UiEPfB-8","✅ Sent"